"Sr.","Stock Name","Symbol","close","%_change","volume","sector","industry2","marketcapname","Add Column"
1,"Allied Digital Services Limited","ADSL","115.52","20%","22,44,060","i.t","computers - software - medium / small","smallcap",""
2,"Xelpmoc Design and Tech Ltd","XELPMOC","89.5","19.99%","1,29,401","i.t","computers - software - medium / small","smallcap",""
3,"JHS Svendgaard Retail Ventures Ltd","RETAIL","20.06","19.98%","1,11,518","consumer discretionary","trading","smallcap",""
4,"Landsmill Green Limited","LANDSMILL","0.62","19.23%","69,35,351","services","trading","smallcap",""
5,"Shanti Gold International Ltd","SHANTIGOLD","325.68","14.83%","3,64,07,266","consumer discretionary","diamond cutting / jewellery","smallcap",""
6,"The Ugar Sugar Works Limited","UGARSUGAR","64.03","14.81%","1,36,99,429","fmcg","sugar","smallcap",""
7,"Mawana Sugars Limited","MAWANASUG","149.64","14.49%","25,61,542","fmcg","sugar","smallcap",""
8,"Primo Chemicals Ltd","PRIMO","25.28","13.41%","13,74,230","chemicals","chlor alkali / soda ash","smallcap",""
9,"Uttam Sugar Mills Limited","UTTAMSUGAR","293.15","12.75%","28,05,051","fmcg","sugar","smallcap",""
10,"K.m.sugar Mills Limited","KMSUGAR","32.46","11.7%","11,79,803","fmcg","sugar","smallcap",""
11,"Antelopus Selan Energy Ltd","ANTELOPUS","1,261.7","11.56%","78,77,531","energy","oil drilling / allied services","smallcap",""
12,"Som Distilleries & Breweries Limited","SDBL","74.36","10.59%","2,28,24,335","fmcg","breweries & distilleries","smallcap",""
13,"Saraswati Saree Depot Ltd","SSDL","73.31","10.57%","4,27,404","textiles","trading","smallcap",""
14,"AAA Technologies Ltd","AAATECH","101.5","10.52%","7,35,186","i.t","computers - software - medium / small","smallcap",""
15,"Dwarikesh Sugar Industries Limited","DWARKESH","45.01","10.48%","95,15,248","fmcg","sugar","smallcap",""
16,"SBC Exports Ltd","SBC","53.02","10.44%","2,38,68,200","textiles","textiles - products","smallcap",""
17,"Lords Chloro Alkali Ltd","LORDSCHLO","148.2","10.19%","3,02,916","chemicals","chlor alkali / soda ash","smallcap",""
18,"Avadh Sugar & Energy","AVADHSUGAR","796.5","10%","4,65,223","fmcg","sugar","smallcap",""
19,"Shoppers Stop Limited","SHOPERSTOP","423.55","10%","35,88,100","consumer discretionary","textiles - products","smallcap",""
20,"Cubex Tubings Limited","CUBEXTUB","152.24","10%","25,79,721","metals & mining","mining / minerals / metals","smallcap",""
21,"Anlon Healthcare Ltd","AHCL","31.51","9.98%","8,02,10,539","healthcare","pharmaceuticals - indian - bulk drugs & formln","smallcap",""
22,"Hindcon Chemicals Ltd","HINDCON","27.6","9.87%","1,88,464","chemicals","chemicals","smallcap",""
23,"Fcs Software Solutions Limited","FCSSOFT","1.46","9.77%","34,97,198","i.t","computers - software - medium / small","smallcap",""
24,"Dangee Dums Ltd","DANGEE","3.26","9.76%","9,09,887","fmcg","food - processing - indian","smallcap",""
25,"Bhageria Industries Limited","BHAGERIA","394.6","9.72%","9,33,103","chemicals","dyes and pigments","smallcap",""
26,"Magadh Sugar & Energy Ltd","MAGADSUGAR","551.45","9.63%","2,87,247","fmcg","sugar","smallcap",""
27,"Tips Films Ltd","TIPSFILMS","341.45","9.61%","24,778","media","entertainment / electronic media software","smallcap",""
28,"Davangere Sugar Company Ltd","DAVANGERE","2.4","9.59%","2,87,93,669","fmcg","sugar","smallcap",""
29,"Quadrant Future Tek Ltd","QUADFUTURE","547.5","9.41%","19,50,037","industrials","cables - power","smallcap",""
30,"Startech Finance Ltd","STARTECK","262.5","9.19%","211","financials","finance & investments","smallcap",""
31,"Heranba Industries Ltd","HERANBA","187.6","8.9%","33,33,268","chemicals","pesticides / agrochemicals - indian","smallcap",""
32,"Nelcast Limited","NELCAST","118.39","8.72%","7,02,669","castings, forgings & fasteners","castings & forgings","smallcap",""
33,"Lloyds Engineering Works Ltd","LLOYDSENGG","98.56","8.41%","6,06,74,433","industrials","engineering","midcap",""
34,"Dhampur Bio Organics Ltd","DBOL","122.25","7.99%","3,52,645","fmcg","sugar","smallcap",""
35,"Fineotex Chemical Limited","FCL","60.48","7.87%","4,70,41,849","chemicals","chemicals","midcap",""
36,"Rolex Rings Ltd","ROLEXRINGS","195.35","7.68%","71,69,312","auto","auto ancillaries","smallcap",""
37,"Whirlpool Of India Limited","WHIRLPOOL","918.9","7.67%","2,79,43,285","consumer discretionary","domestic appliances","midcap",""
38,"Almondz Global Securities Limited","ALMONDZ","21.38","7.65%","11,51,830","financials","finance & investments","smallcap",""
39,"Protean eGov Technologies Ltd","PROTEAN","690.7","7.59%","35,60,004","i.t","computers - software - medium / small","smallcap",""
40,"Mukand Limited","MUKANDLTD","167.05","7.59%","11,09,036","metals & mining","steel - medium / small","smallcap",""
41,"Artemis Medicare Services Ltd","ARTEMISMED","357.7","7.51%","1,89,80,196","healthcare","healthcare","midcap",""
42,"Bedmutha Industries Limited","BEDMUTHA","110.71","7.43%","17,660","metals & mining","mining / minerals / metals","smallcap",""
43,"Aether Industries Ltd","AETHER","1,767","7.34%","16,86,153","chemicals","chemicals","largecap",""
44,"Motilal Oswal S&P BSE Quality ETF Fund","MOQUALITY","207.59","7.33%","226","indices","indices","smallcap",""
45,"Dalmia Bharat Sugar And Industries Limited","DALMIASUG","428.75","7.32%","10,09,477","fmcg","sugar","smallcap",""
46,"Bodhi Tree Multimedia Ltd","BTML","7.46","7.03%","6,23,099","media","entertainment / electronic media software","smallcap",""
47,"Trejhara Solutions Ltd","TREJHARA","144.79","7.01%","46,259","i.t","computers - software - medium / small","smallcap",""
48,"Plastiblends India Limited","PLASTIBLEN","202.99","7%","2,08,830","chemicals","chemicals","smallcap",""
49,"Bohra Industries Ltd","BOHRAIND","15.97","6.97%","75,819","chemicals","fertilizers","smallcap",""
50,"Sangam (india) Limited","SANGAMIND","619.9","6.93%","4,34,786","textiles","textiles - spinning - synthetic / blended","smallcap",""
51,"Banaras Beads Limited","BANARBEADS","123.86","6.9%","36,764","building materials","glass & glass products","smallcap",""
52,"Stanley Lifestyles Ltd","STANLEY","144.32","6.73%","3,75,595","consumer discretionary","miscellaneous","smallcap",""
53,"Tamilnadu Telecommunication Limited","TNTELE","9.91","6.44%","92,723","industrials","cables - telephone","smallcap",""
54,"Engineers India Limited","ENGINERSIN","315.65","6.4%","1,96,15,591","realty","engineering - turnkey services","midcap",""
55,"Aaron Industries Ltd","AARON","124.11","6.37%","28,654","industrials","engineering","smallcap",""
56,"RKEC Projects Ltd","RKEC","24.26","6.22%","7,68,771","realty","construction","smallcap",""
57,"N R Agarwal Industries Ltd","NRAIL","677.25","6.19%","24,892","building materials","paper","smallcap",""
58,"Dhampur Sugar Mills Limited","DHAMPURSUG","174.67","6.09%","21,48,612","fmcg","sugar","smallcap",""
59,"Transport Corporation Of India Limited","TCI","883.7","6.03%","57,70,660","transportation","miscellaneous","midcap",""
60,"Man Industries (india) Limited","MANINDS","1,020.35","5.97%","17,62,428","metals & mining","steel - medium / small","midcap",""
61,"S Chand and Company Limited","SCHAND","145.18","5.87%","66,326","miscellaneous","printing & stationery","smallcap",""
62,"Electronics Mart India Ltd","EMIL","200.22","5.85%","67,76,165","consumer discretionary","trading","midcap",""
63,"Greaves Cotton Limited","GREAVESCOT","234.78","5.84%","1,07,29,752","industrials","engines","midcap",""
64,"Thomas Scott (india) Limited","THOMASCOTT","248.65","5.81%","1,60,337","readymade garments/apparels","textiles - products","smallcap",""
65,"Sakthi Sugars Limited","SAKHTISUG","19","5.79%","6,24,810","fmcg","sugar","smallcap",""
66,"Palash Securities","PALASHSECU","88.92","5.72%","1,078","financials","finance & investments","smallcap",""
67,"Delta Corp Limited","DELTACORP","76.84","5.72%","2,64,45,158","miscellaneous","recreation / amusement parks","smallcap",""
68,"Ajax Engineering Ltd","AJAXENGG","607.75","5.66%","6,95,472","industrials","engineering","midcap",""
69,"Saurashtra Cement Ltd","SAURASHCEM","55.72","5.61%","4,27,455","building materials","cement - north india","smallcap",""
70,"Lloyds Enterprises Ltd","LLOYDSENT","79.67","5.41%","1,19,61,867","services","trading","midcap",""
71,"Wheels India Limited","WHEELS","2,296.4","5.3%","6,15,400","auto","auto ancillaries","midcap",""
72,"Steelcast Ltd","STEELCAS","376.5","5.23%","10,78,414","castings, forgings & fasteners","castings & forgings","smallcap",""
73,"Welspun Corp Limited","WELCORP","2,832.4","5.21%","27,63,523","industrials","steel - large","largecap",""
74,"Rpg Life Sciences Limited","RPGLIFE","3,050.6","5.2%","1,11,001","healthcare","pharmaceuticals - indian - bulk drugs & formln","smallcap",""
75,"Remsons Industries Limited","REMSONSIND","116.8","5.11%","42,62,134","auto","auto ancillaries","smallcap",""
76,"Tara Chand Infralogistic Solutions Ltd","TARACHAND","48.46","5.1%","71,075","miscellaneous","diversified - medium / small","smallcap",""
77,"Veto Switchgears And Cables Limited","VETO","150.32","5.09%","3,54,342","industrials","electric equipment","smallcap",""
78,"Kopran Limited","KOPRAN","284.53","5.07%","6,62,546","healthcare","pharmaceuticals - indian - bulk drugs & formln","smallcap",""
79,"Ponni Sugars (erode) Limited","PONNIERODE","399.8","5.04%","1,32,564","fmcg","sugar","smallcap",""
80,"Kabra Extrusion Technik Limited","KABRAEXTRU","846.4","5%","4,54,583","industrials","engineering","smallcap",""
81,"Birla Cable Limited","BIRLACABLE","362.45","5%","4,88,468","industrials","cables - telephone","smallcap",""
82,"Kronox Lab Sciences Ltd","KRONOX","206.58","5%","1,45,260","chemicals","chemicals","smallcap",""
83,"RBZ Jewellers Ltd","RBZJEWEL","180.87","5%","63,541","consumer discretionary","diamond cutting / jewellery","smallcap",""
84,"Mahalaxmi Rubtech Ltd","MHLXMIRU","170.81","5%","14,372","textiles","textiles - processing","smallcap",""
85,"OCCL Ltd","OCCLLTD","167.67","5%","1,56,212","chemicals","chemicals","smallcap",""
86,"STL Networks Ltd","STLNETWORK","54.61","5%","89,81,723","telecom-service","telecommunications - service provider","smallcap",""
87,"ESAF Small Finance Bank Ltd","ESAFSFB","42.86","5%","11,95,142","bank","banks - private sector","smallcap",""
88,"Indiabulls Limited","IBULLSLTD","29.83","5%","1,41,85,546","miscellaneous","diversified - medium / small","midcap",""
89,"Sumeet Industries Limited","SUMEETINDS","12.18","5%","19,17,462","textiles","textiles - manmade","smallcap",""
90,"The Hi-tech Gears Limited","HITECHGEAR","618.35","4.99%","3,554","auto","auto ancillaries","smallcap",""
91,"Delta Magnets Limited","DELTAMAGNT","57.16","4.98%","9,102","textiles","textiles - products","smallcap",""
92,"Grand Foundry Ltd","GFSTEELS","32.45","4.98%","15,795","metals & mining","steel - medium / small","smallcap",""
93,"Shekhawati Industries Ltd","SHEKHAWATI","27.39","4.98%","26,961","textiles","textiles - processing","smallcap",""
94,"Raj Television Network Limited","RAJTV","10.76","4.98%","85,135","media","entertainment / electronic media software","smallcap",""
95,"Neueon Corporation Ltd","NEUEON","14.39","4.96%","14,637","services","trading","smallcap",""
96,"Lcc Infotech Limited","LCCINFOTEC","4.23","4.96%","5,90,793","services","computers - education","smallcap",""
97,"Cmi Limited","CMICABLES","2.75","4.96%","45,670","industrials","cables - power","smallcap",""
98,"Praxis Home Retail Ltd","PRAXIS","4.67","4.94%","1,41,877","consumer discretionary","trading","smallcap",""
99,"Delphi World Money Ltd","DELPHIFX","6.2","4.91%","30,897","financials","finance & investments","smallcap",""
100,"Tantia Constructions Ltd","TICL","6.42","4.9%","5,51,359","realty","construction","smallcap",""
101,"Shriram Pistons & Rings Limited","SHRIPISTON","4,746.8","4.86%","1,10,008","auto","auto ancillaries","largecap",""
102,"SAL Steel","SALSTEEL","93.6","4.85%","7,41,473","metals & mining","steel - sponge iron","smallcap",""
103,"Spectrum Electrical Industries Ltd","SPECTRUM","3,518.8","4.84%","16,796","industrials","electric equipment","midcap",""
104,"Heg Limited","HEG","248.5","4.83%","90,65,570","industrials","electrodes - graphites","midcap",""
105,"Amd Industries Limited","AMDIND","58.8","4.83%","53,354","industrials","packaging","smallcap",""
106,"DCM Shriram Industries Ltd","DCMSRIND","39.71","4.83%","24,01,956","fmcg","sugar","smallcap",""
107,"Goldstone Technologies Limited","GOLDTECH","48.51","4.82%","50,356","i.t","computers - software - medium / small","smallcap",""
108,"Dynamatic Technologies Limited","DYNAMATECH","13,153","4.8%","38,127","aerospace & defence","engineering","midcap",""
109,"AGS Transact Technologies Ltd","AGSTRA","2.4","4.8%","5,79,623","miscellaneous","miscellaneous","smallcap",""
110,"Prozone Realty Ltd","PROZONER","56.75","4.78%","11,25,326","miscellaneous","miscellaneous","smallcap",""
111,"ISGEC Heavy Engineering  Ltd","ISGEC","890.55","4.76%","2,18,727","realty","engineering - turnkey services","midcap",""
112,"Gillanders Arbuthnot & Company Limited","GILLANDERS","108.69","4.75%","20,672","fmcg","tea","smallcap",""
113,"Bosch Home Comfort India Ltd","BOSCH-HCIL","1,811.6","4.72%","98,241","consumer discretionary","air-conditioners","smallcap",""
114,"Yasho Industries Ltd","YASHO","4,234.1","4.71%","45,970","chemicals","chemicals","smallcap",""
115,"Garware Hi Tech Films Ltd","GRWRHITECH","6,640","4.69%","90,455","industrials","packaging","midcap",""
116,"Tamilnadu Petroproducts Limited","TNPETRO","132.93","4.69%","70,29,643","energy","petrochemicals","smallcap",""
117,"Mazda Limited","MAZDA","280.05","4.67%","68,878","industrials","engineering","smallcap",""
118,"Spl Industries Limited","SPLIL","30.99","4.66%","19,895","textiles","trading","smallcap",""
119,"Man Infraconstruction Limited","MANINFRA","129.95","4.65%","38,30,660","realty","construction","midcap",""
120,"Satin Creditcare Network Limited","SATIN","236.65","4.64%","4,21,528","financials","finance & investments","smallcap",""
121,"Surya Roshni Limited","SURYAROSNI","227.45","4.57%","9,23,512","industrials","steel - large","smallcap",""
122,"Kcp Sugar And Industries Corporation Limited","KCPSUGIND","30.33","4.55%","1,01,593","fmcg","sugar","smallcap",""
123,"Swelect Energy Systems Limited","SWELECTES","587","4.51%","72,324","industrials","electric equipment","smallcap",""
124,"Tvs Srichakra Limited","TVSSRICHAK","4,609.5","4.48%","10,416","auto","tyres","smallcap",""
125,"Airo Lam Ltd","AIROLAM","92.29","4.47%","5,894","building materials","miscellaneous","smallcap",""
126,"Inox India Ltd","INOXINDIA","2,156.8","4.46%","3,77,035","industrials","packaging","midcap",""
127,"Manoj Vaibhav Gems N Jewellers Ltd","MVGJL","224.38","4.46%","9,03,282","consumer discretionary","diamond cutting / jewellery","smallcap",""
128,"Sambhv Steel Tubes Ltd","SAMBHV","159.12","4.44%","51,27,428","metals & mining","steel - medium / small","smallcap",""
129,"Vascon Engineers Limited","VASCONEQ","34.76","4.42%","67,19,189","realty","construction","smallcap",""
130,"Bajaj Hindusthan Sugar Limited","BAJAJHIND","20.78","4.42%","3,11,08,504","fmcg","sugar","smallcap",""
131,"Pearl Global Industries Limited","PGIL","1,329.1","4.36%","4,77,150","readymade garments/apparels","textiles - products","midcap",""
132,"Sonam Ltd","SONAMLTD","69.37","4.32%","57,766","consumer discretionary","miscellaneous","smallcap",""
133,"GFL Ltd","GFLLIMITED","57.29","4.3%","59,780","financials","finance & investments","smallcap",""
134,"Orient Bell Limited","ORIENTBELL","407.55","4.22%","29,237","building materials","ceramics - tiles / sanitaryware","smallcap",""
135,"Parag Milk Foods Limited","PARAGMILK","268.9","4.06%","28,25,359","fmcg","food - processing - indian","smallcap",""
136,"Kaynes Technology India Ltd","KAYNES","3,650","4%","13,27,893","consumer discretionary","electronics - components","largecap",""
137,"Balrampur Chini Mills Limited","BALRAMCHIN","685.8","4%","45,11,284","fmcg","sugar","midcap",""
138,"Kalyani Forge Limited","KALYANIFRG","974.25","3.98%","2,684","castings, forgings & fasteners","castings & forgings","smallcap",""
139,"AksharChem (India) Ltd","AKSHARCHEM","394.4","3.98%","11,997","chemicals","dyes and pigments","smallcap",""
140,"Rana Sugars Limited","RANASUG","14.41","3.97%","11,78,227","fmcg","sugar","smallcap",""
141,"HBL Engineering Ltd","HBLENGINE","806","3.96%","51,99,842","auto","auto ancillaries","largecap",""
142,"Ram Ratna Wires Ltd","RAMRAT","570","3.94%","2,92,137","metals & mining","mining / minerals / metals","midcap",""
143,"Zenith Exports Limited","ZENITHEXPO","203","3.82%","102","consumer discretionary","leather / leather products","smallcap",""
144,"Shreeji Shipping Global Ltd","SHREEJISPG","752.45","3.81%","11,97,147","transportation","shipping","midcap",""
145,"Niraj Ispat Industries Limited","NIRAJISPAT","288.6","3.81%","348","plastic products","plastics products","smallcap",""
146,"Asahi Songwon Colors Limited","ASAHISONG","402.75","3.8%","33,093","chemicals","dyes and pigments","smallcap",""
147,"Madhav Marbles And Granites Limited","MADHAV","35.77","3.8%","3,191","consumer discretionary","miscellaneous","smallcap",""
148,"Vishwaraj Sugar Industries Ltd","VISHWARAJ","5.48","3.79%","6,73,898","fmcg","sugar","smallcap",""
149,"Kanoria Chemicals & Industries Limited","KANORICHEM","198.55","3.77%","67,459","chemicals","chemicals","smallcap",""
150,"Tatva Chintan Pharma Chem Ltd","TATVA","1,793.2","3.74%","66,589","chemicals","chemicals","smallcap",""
151,"Prajay Engineers Syndicate Limited","PRAENG","23.7","3.67%","2,54,874","miscellaneous","diversified - medium / small","smallcap",""
152,"Lambodhara Textiles Limited","LAMBODHARA","144.57","3.66%","6,44,953","textiles","textiles - cotton/blended","smallcap",""
153,"Super Spinning Mills Limited","SUPERSPIN","7.93","3.66%","83,559","miscellaneous","miscellaneous","smallcap",""
154,"Priti International Ltd","PRITI","33.78","3.59%","3,804","consumer discretionary","miscellaneous","smallcap",""
155,"Next Mediaworks Limited","NEXTMEDIA","3.75","3.59%","5,321","media","entertainment / electronic media software","smallcap",""
156,"Bodal Chemicals Limited","BODALCHEM","202.02","3.56%","13,97,350","chemicals","dyes and pigments","smallcap",""
157,"Adroit Infotech Ltd","ADROITINFO","13.18","3.54%","1,81,849","i.t","computers - software - medium / small","smallcap",""
158,"Castrol India Limited","CASTROLIND","201.67","3.53%","1,32,37,379","chemicals","chemicals","midcap",""
159,"Cyient Limited","CYIENT","1,094.7","3.49%","3,34,991","i.t","computers - software - medium / small","midcap",""
160,"Sunflag Iron And Steel Company Limited","SUNFLAG","410.65","3.49%","20,66,226","metals & mining","steel - medium / small","midcap",""
161,"DMCC Speciality Chemicals Ltd","DMCC","305.35","3.49%","1,22,619","chemicals","chemicals","smallcap",""
162,"Munjal Auto Industries Limited","MUNJALAU","109.02","3.49%","4,77,592","auto","auto ancillaries","smallcap",""
163,"Pennar Industries Limited","PENIND","184.9","3.44%","12,95,945","metals & mining","steel - medium / small","smallcap",""
164,"Ganesh Benzoplast Ltd","GANESHBE","130.84","3.44%","3,52,767","miscellaneous","miscellaneous","smallcap",""
165,"Max Financial Services Limited","MFSL","1,458","3.4%","36,17,694","financials","finance & investments","largecap",""
166,"United Polyfab Gujarat Ltd","UNITEDPOLY","46.81","3.4%","10,37,819","textiles","textiles - products","smallcap",""
167,"Supreme Industries Limited","SUPREMEIND","3,550","3.38%","1,12,619","plastic products","plastics products","largecap",""
168,"Subex Ltd","SUBEXLTD","21.41","3.38%","1,42,83,273","i.t","computers - software - medium / small","smallcap",""
169,"SML Mahindra Ltd","SMLMAH","6,825.5","3.37%","50,096","auto","automobiles - lcvs / hcvs","midcap",""
170,"Skil Infrastructure Limited","SKIL","0.93","3.33%","7,30,510","realty","construction","smallcap",""
171,"VL E-Governance & IT Solutions Ltd","VLEGOV","10.59","3.32%","89,296","i.t","computers - software - medium / small","smallcap",""
172,"Navi Nifty 50 ETF","NAVINIFTY","291.4","3.31%","26,500","indices","indices","smallcap",""
173,"Tarmat Limited","TARMAT","55.84","3.31%","12,463","realty","construction","smallcap",""
174,"Norben Tea & Exports Limited","NORBTEAEXP","70.12","3.3%","4,162","fmcg","tea","smallcap",""
175,"Jubilant Ingrevia Ltd","JUBLINGREA","656.1","3.27%","3,72,268","chemicals","chemicals","midcap",""
176,"HMA Agro Industries Ltd","HMAAGRO","23.98","3.27%","12,55,633","fmcg","food - processing - indian","smallcap",""
177,"Nahar Industrial Enterprises Limited","NAHARINDUS","132.9","3.26%","10,061","textiles","textiles - cotton/blended","smallcap",""
178,"Ortin Laboratories Ltd","ORTINGLOBE","15.23","3.25%","2,977","healthcare","pharmaceuticals - indian - bulk drugs & formln","smallcap",""
179,"Kilitch Drugs (india) Limited","KILITCH","224.27","3.24%","32,455","healthcare","pharmaceuticals - indian - formulations","smallcap",""
180,"Bluspring Enterprises Ltd","BLUSPRING","145.12","3.24%","7,58,518","miscellaneous","diversified - large","smallcap",""
181,"Morepen Laboratories Limited","MOREPENLAB","120.38","3.24%","89,96,779","healthcare","pharmaceuticals - indian - bulk drugs & formln","midcap",""
182,"Setco Automotive Limited","SETCO","18.47","3.24%","1,19,430","auto","auto ancillaries","smallcap",""
183,"Sudarshan Colorants India Ltd","SUDARCOLOR","394.55","3.23%","4,706","chemicals","dyes and pigments","smallcap",""
184,"Ujjivan Small Finance Bank Ltd","UJJIVANSFB","64.71","3.22%","1,33,78,426","bank","banks - private sector","midcap",""
185,"Pil Italica Lifestyle Limited","PILITA","7.71","3.21%","65,850","plastic products","plastics products","smallcap",""
186,"Gretex Corporate Services Ltd","GCSL","653.45","3.18%","4,44,252","financials","finance & investments","smallcap",""
187,"Shreeoswal Seeds & Chemicals Ltd","OSWALSEEDS","13.08","3.15%","69,285","fmcg","miscellaneous","smallcap",""
188,"Tijaria Polypipes Limited","TIJARIA","6.93","3.13%","47,519","plastic products","plastics products","smallcap",""
189,"Ratnaveer Precision Engineering Ltd","RATNAVEER","333.95","3.09%","61,23,089","metals & mining","steel - medium / small","smallcap",""
190,"Mirae Asset NYSE FANG+ ETF","MAFANG","238.42","3.07%","6,07,693","indices","indices","smallcap",""
191,"Triveni Engineering & Industries Limited","TRIVENI","247.55","3.06%","13,49,570","fmcg","sugar","midcap",""
192,"Jhs Svendgaard Laboratories Limited","JHS","8.43","3.06%","98,454","fmcg","personal care - indian","smallcap",""
193,"J.G.Chemicals Ltd","JGCHEM","620.1","3.05%","2,45,613","chemicals","chemicals","smallcap",""
194,"Marine Electricals (India) Ltd","MARINE","413.75","3.05%","14,23,212","industrials","electric equipment","midcap",""
195,"Siemens Energy India Ltd","ENRIN","3,313","3.04%","4,62,792","power & utilities","power generation and supply","largecap",""
196,"Trigyn Technologies Limited","TRIGYN","56.62","3.04%","2,25,719","i.t","computers - software - medium / small","smallcap",""
197,"Axis Bank Limited","AXISBANK","1,222.4","3.03%","69,23,162","bank","banks - private sector","largecap",""
198,"Bank Of Maharashtra Ltd","MAHABANK","84.88","3.03%","1,21,67,444","bank","banks - public sector","largecap",""
199,"Datamatics Global Services Limited","DATAMATICS","807.6","3.02%","2,16,033","i.t","computers - software - medium / small","smallcap",""
200,"Federal-mogul Goetze (india) Limited.","FMGOETZE","482.6","3.02%","2,22,375","auto","auto ancillaries","smallcap",""
201,"ELLEN","ELLEN","368.5","3.02%","6,51,892","n/a","indices","smallcap",""
202,"Mask Investments Limited","MASKINVEST","145.06","3.02%","177","financials","finance & investments","smallcap",""
203,"Aym Syntex Limited","AYMSYNTEX","293.95","3%","65,234","textiles","textiles - processing","smallcap",""
204,"Libas Consumer Products Ltd","LIBAS","12.38","3%","54,262","fmcg","food - processing - indian","smallcap",""
205,"Updater Services Ltd","UDS","207.9","2.97%","1,03,467","miscellaneous","miscellaneous","smallcap",""
206,"Geojit Financial Services Ltd","GEOJITFSL","81.51","2.96%","5,47,369","financials","finance & investments","smallcap",""
207,"Latteys Industries Ltd","LATTEYS","20.67","2.94%","77,039","industrials","pumps","smallcap",""
208,"Zensar Technologies Limited","ZENSARTECH","434.9","2.92%","10,49,624","i.t","computers - software - medium / small","midcap",""
209,"Bannari Amman Sugars Limited","BANARISUG","3,401.9","2.89%","3,531","fmcg","sugar","smallcap",""
210,"Jash Engineering Ltd","JASH","593.85","2.89%","3,22,251","industrials","engineering","smallcap",""
211,"HLE Glascoat Ltd","HLEGLAS","441.1","2.88%","2,57,150","industrials","engineering","smallcap",""
212,"Manaksia Steels Limited","MANAKSTEEL","105.08","2.88%","37,873","metals & mining","steel - medium / small","smallcap",""
213,"Suratwwala Business Group Ltd","SBGLP","23.55","2.88%","61,789","realty","construction","smallcap",""
214,"Medicamen Biotech Ltd","MEDICAMEQ","315.3","2.87%","36,614","healthcare","pharmaceuticals - indian - formulations","smallcap",""
215,"Faze Three Ltd","FAZE3Q","434.05","2.86%","5,839","textiles","textiles - processing","smallcap",""
216,"Stallion India Fluorochemicals Ltd","STALLION","225.76","2.85%","2,27,637","chemicals","chemicals","smallcap",""
217,"Digidrive Distributors Ltd","DIGIDRIVE","18.39","2.85%","16,637","i.t","trading","smallcap",""
218,"Gala Precision Engineering Ltd","GALAPREC","1,148.6","2.82%","75,963","castings, forgings & fasteners","fasteners","smallcap",""
219,"Shree Pushkar Chemicals & Fertilisers Limited","SHREEPUSHK","506.05","2.82%","1,47,225","chemicals","dyes and pigments","smallcap",""
220,"Indian Renewable Energy Development Agency Ltd","IREDA","113.22","2.82%","1,33,43,910","financials","finance - term-lending institutions","largecap",""
221,"Db (international) Stock Brokers Limited","DBSTOCKBRO","31.13","2.81%","9,892","financials","finance & investments","smallcap",""
222,"Precision Wires India Limited","PRECWIRE","502.6","2.8%","6,19,641","metals & mining","mining / minerals / metals","midcap",""
223,"Manappuram Finance Limited","MANAPPURAM","334","2.79%","44,93,331","financials","finance & investments","largecap",""
224,"GHCL Textiles Ltd","GHCLTEXTIL","139.12","2.79%","5,54,170","textiles","textiles - spinning - synthetic / blended","smallcap",""
225,"Kirloskar Electric Company Limited","KECL","126.17","2.79%","93,028","industrials","electric equipment","smallcap",""
226,"Arshiya Limited","ARSHIYA","0.74","2.78%","2,38,665","transportation","miscellaneous","smallcap",""
227,"Asian Energy Services Ltd","ASIANENE","487.75","2.76%","2,26,490","energy","oil drilling / allied services","smallcap",""
228,"Sterling Tools Limited","STERTOOLS","239.46","2.75%","34,769","castings, forgings & fasteners","fasteners","smallcap",""
229,"Hatsun Agro Product Limited","HATSUN","1,165.3","2.72%","44,714","fmcg","food - processing - indian","largecap",""
230,"GTPL Hathway","GTPL","56.57","2.72%","46,020","media","entertainment / electronic media software","smallcap",""
231,"Airan Ltd","AIRAN","17.03","2.71%","1,01,852","i.t","computers - software - medium / small","smallcap",""
232,"Somany Ceramics Limited","SOMANYCERA","618.05","2.69%","2,72,762","building materials","ceramics - tiles / sanitaryware","smallcap",""
233,"Venus Remedies Limited","VENUSREM","1,668.4","2.68%","36,028","healthcare","pharmaceuticals - indian - formulations","smallcap",""
234,"Madhya Bharat Agro Products Ltd","MBAPL","168.47","2.68%","5,96,290","chemicals","fertilizers","smallcap",""
235,"Nureca Ltd","NURECA","351.5","2.67%","13,395","i.t","trading","smallcap",""
236,"Intense Technologies Ltd","INTENTECH","85.07","2.67%","26,803","i.t","computers - software - medium / small","smallcap",""
237,"B. L. Kashyap And Sons Limited","BLKASHYAP","54.26","2.67%","5,55,621","realty","construction","smallcap",""
238,"Shree Rama Multi-tech Limited","SHREERAMA","45.04","2.67%","54,527","industrials","packaging","smallcap",""
239,"Dhruv Consultancy Services Ltd","DHRUV","21.5","2.67%","5,864","miscellaneous","miscellaneous","smallcap",""
240,"Hyundai Motor India Ltd","HYUNDAI","2,115","2.64%","15,46,794","auto","automobiles - passenger cars","largecap",""
241,"Kaveri Seed Company Limited","KSCL","804.55","2.64%","94,25,259","fmcg","miscellaneous","smallcap",""
242,"Blue Star Limited","BLUESTARCO","1,565","2.62%","5,70,933","consumer discretionary","air-conditioners","largecap",""
243,"Bandhan Bank Ltd","BANDHANBNK","187.7","2.62%","1,01,20,013","bank","banks - private sector","largecap",""
244,"Bharatiya Global Infomedia Limited","BGLOBAL","3.13","2.62%","98,605","i.t","computers - software - medium / small","smallcap",""
245,"The Andhra Sugars Limited","ANDHRSUGAR","95.41","2.61%","5,64,260","chemicals","chlor alkali / soda ash","smallcap",""
246,"Zuari Industries Ltd","ZUARIIND","290.2","2.6%","2,27,243","fmcg","sugar","smallcap",""
247,"Suryoday Small Finance Bank Ltd","SURYODAY","149.12","2.6%","2,10,889","bank","banks - private sector","smallcap",""
248,"Kcp Limited","KCP","163.29","2.58%","1,47,091","building materials","cement - south india","smallcap",""
249,"Bliss Gvs Pharma Limited","BLISSGVS","704.7","2.57%","4,33,524","healthcare","pharmaceuticals - indian - formulations","midcap",""
250,"Kothari Sugars And Chemicals Limited","KOTARISUG","27.52","2.57%","37,765","n/a","indices","smallcap",""
251,"Bal Pharma Limited","BALPHARMA","107.71","2.56%","62,694","healthcare","pharmaceuticals - indian - bulk drugs & formln","smallcap",""
252,"Neogen Chemicals Ltd","NEOGEN","2,385.2","2.54%","1,63,069","chemicals","chemicals","midcap",""
253,"Mastek Limited","MASTEK","1,582.8","2.54%","1,97,473","i.t","computers - software - medium / small","smallcap",""
254,"Fiem Industries Limited","FIEMIND","1,965.5","2.52%","1,20,437","auto","auto ancillaries","midcap",""
255,"Info Edge (india) Limited","NAUKRI","1,254.8","2.52%","11,35,428","i.t","miscellaneous","largecap",""
256,"Malu Paper Mills Limited","MALUPAPER","32.59","2.52%","14,634","building materials","paper","smallcap",""
257,"Indiqube Spaces Ltd","INDIQUBE","198.94","2.51%","42,054","co-working","miscellaneous","smallcap",""
258,"Tracxn Technologies Ltd","TRACXN","32.63","2.51%","84,028","i.t","computers - software - medium / small","smallcap",""
259,"Zee Learn Limited","ZEELEARN","6.94","2.51%","3,17,285","i.t","computers - education","smallcap",""
260,"Indegene Ltd","INDGN","608.95","2.5%","20,95,862","healthcare","miscellaneous","midcap",""
261,"Chemplast Sanmar Ltd","CHEMPLASTS","197.47","2.5%","5,59,516","chemicals","chemicals","smallcap",""
262,"S J S Enterprises Ltd","SJS","2,317.6","2.49%","68,630","auto","plastics products","midcap",""
263,"Sun Pharma Advanced Research Company Limited","SPARC","209.05","2.49%","22,33,858","healthcare","miscellaneous","midcap",""
264,"Motilal Oswal Nasdaq Q 50 ETF","MONQ50","214.61","2.47%","21,01,057","indices","indices","smallcap",""
265,"Interarch Building Products Ltd","INTERARCH","1,719.7","2.45%","1,03,195","metals & mining","steel - medium / small","smallcap",""
266,"Supriya Lifescience Ltd","SUPRIYA","985.2","2.44%","3,26,713","healthcare","pharmaceuticals - indian - bulk drugs & formln","midcap",""
267,"Denta Water & Infra Solutions Ltd","DENTA","276.7","2.44%","1,37,637","realty","construction","smallcap",""
268,"Leela Palaces Hotels & Resorts Ltd","THELEELA","546.15","2.43%","1,44,533","services","hotels","midcap",""
269,"Sigma Solve Ltd","SIGMA","45.61","2.43%","73,296","i.t","computers - software - medium / small","smallcap",""
270,"P N Gadgil Jewellers Ltd","PNGJL","605.5","2.42%","7,54,981","consumer discretionary","diamond cutting / jewellery","midcap",""
271,"Gem Aromatics Ltd","GEMAROMA","158.93","2.42%","50,483","chemicals","chemicals","smallcap",""
272,"Jana Small Finance Bank Ltd","JSFB","535.25","2.4%","30,86,326","bank","banks - private sector","midcap",""
273,"Bang Overseas Limited","BANG","32.36","2.37%","12,110","textiles","trading","smallcap",""
274,"Gujarat Raffia Industries Ltd","GUJRAFFIA","40.69","2.36%","777","industrials","packaging","smallcap",""
275,"Shalby Ltd","SHALBY","147.12","2.33%","1,06,923","healthcare","healthcare","smallcap",""
276,"BIL Vyapar Ltd","BILVYAPAR","4.39","2.33%","6,506","miscellaneous","miscellaneous","smallcap",""
277,"Sadbhav Infrastructure Project Limited","SADBHIN","2.65","2.32%","1,03,401","realty","construction","smallcap",""
278,"Jubilant Agri & Consumer Products Ltd","JUBLCPL","2,210.1","2.31%","4,393","chemicals","chemicals","smallcap",""
279,"Confidence Petroleum India Ltd","CONFIPET","88.28","2.31%","13,80,621","miscellaneous","miscellaneous","smallcap",""
280,"Mangalam Global Enterprise Ltd","MGEL","15.99","2.3%","32,05,087","services","trading","smallcap",""
281,"Baid Finserv Ltd","BAIDFIN","10.69","2.3%","1,03,934","financials","finance & investments","smallcap",""
282,"City Union Bank Limited","CUB","225.57","2.29%","14,84,087","bank","banks - private sector","largecap",""
283,"Gss Infotech Limited","GSS","10.72","2.29%","36,024","i.t","computers - software - medium / small","smallcap",""
284,"Energy Development Company Limited","ENERGYDEV","15.25","2.28%","16,457","power & utilities","power generation and supply","smallcap",""
285,"Inox Wind Limited","INOXWIND","74.75","2.27%","1,10,31,367","industrials","electric equipment","midcap",""
286,"SecureKloud Technologies Ltd","SECURKLOUD","17.1","2.27%","10,085","i.t","computers - software - medium / small","smallcap",""
287,"Prabha Energy Ltd","PRABHA","230.87","2.26%","1,61,400","energy","oil drilling / allied services","smallcap",""
288,"Aditya Birla Fashion And Retail Limited","ABFRL","49.14","2.25%","46,19,236","consumer discretionary","textiles - products","midcap",""
289,"Ganges Securities Ltd","GANGESSECU","114.61","2.24%","834","financials","finance & investments","smallcap",""
290,"Zen Technologies Limited","ZENTEC","1,682.4","2.23%","3,18,892","aerospace & defence","miscellaneous","midcap",""
291,"Punjab Chemicals & Crop Protection Limited","PUNJABCHEM","1,077.6","2.23%","3,752","chemicals","pesticides / agrochemicals - indian","smallcap",""
292,"Orchasp Ltd","ORCHASP","1.38","2.22%","56,162","i.t","computers - software - medium / small","smallcap",""
293,"Eid Parry India Limited","EIDPARRY","704.75","2.2%","3,41,486","fmcg","sugar","midcap",""
294,"Raj Oil Mills Ltd","ROML","42.79","2.2%","1,512","fmcg","solvent extraction","smallcap",""
295,"A B Infrabuild Ltd","ABINFRA","12.58","2.19%","4,38,034","realty","construction","smallcap",""
296,"Idbi Bank Limited","IDBI","84.4","2.18%","1,83,28,262","bank","banks - private sector","largecap",""
297,"Akash Infraprojects Ltd","AKASH","25.04","2.16%","5,168","realty","construction","smallcap",""
298,"JSW Dulux Ltd","JSWDULUX","3,199.6","2.15%","52,257","building materials","paints / varnishes","midcap",""
299,"Asian Paints Limited","ASIANPAINT","2,444","2.14%","4,26,982","building materials","paints / varnishes","largecap",""
300,"Sanghvi Movers Limited","SANGHVIMOV","456","2.14%","2,69,827","miscellaneous","miscellaneous","smallcap",""
301,"Chembond Chemicals Ltd","CHEMBONDCH","254.95","2.14%","1,579","chemicals","chemicals","smallcap",""
302,"Kotak Nifty Midcap 150 ETF","MID150","23.39","2.14%","29,486","indices","indices","smallcap",""
303,"Il&fs Transportation Networks Limited","IL&FSTRANS","1.91","2.14%","38,764","realty","engineering - turnkey services","smallcap",""
304,"Veedol Corporation Ltd","VEEDOL","1,393.4","2.13%","13,910","chemicals","chemicals","smallcap",""
305,"Borosil Ltd","BOROLTD","264.8","2.12%","13,48,123","building materials","glass & glass products","smallcap",""
306,"KSB Ltd","KSB","819.1","2.11%","2,70,689","industrials","pumps","midcap",""
307,"Scoda Tubes Ltd","SCODATUBES","136.61","2.11%","6,18,113","metals & mining","steel - medium / small","smallcap",""
308,"Symphony Limited","SYMPHONY","588.8","2.1%","37,195","consumer discretionary","domestic appliances","smallcap",""
309,"Fairchem Organics Ltd","FAIRCHEMOR","671.55","2.07%","8,980","chemicals","chemicals","smallcap",""
310,"Orient Ceratech Ltd","ORIENTCER","47.8","2.07%","31,332","building materials","refractories / intermediates","smallcap",""
311,"Easy Trip Planners Ltd","EASEMYTRIP","5.92","2.07%","1,49,57,504","i.t","travel agencies","smallcap",""
312,"Focus Lighting & Fixtures Ltd","FOCUS","59.44","2.06%","18,214","industrials","electric equipment","smallcap",""
313,"Cyient DLM Ltd","CYIENTDLM","931.4","2.05%","2,61,221","aerospace & defence","electronics - components","midcap",""
314,"Restaurant Brands Asia Ltd","RBA","92.51","2.05%","25,84,085","consumer discretionary","hotels","midcap",""
315,"Responsive Industries Limited","RESPONIND","161.23","2.03%","24,49,470","plastic products","plastics products","smallcap",""
316,"GMM Pfaudler Ltd","GMMPFAUDLR","1,505.2","2.02%","2,20,062","industrials","engineering","midcap",""
317,"Kotak Nifty200 Quality 30 ETF","QUALITY30","20.2","2.02%","3,040","indices","indices","smallcap",""
318,"Diligent Media Corporation Ltd","DNAMEDIA","2.53","2.02%","17,225","media","entertainment / electronic media software","smallcap",""
319,"Mamata Machinery Ltd","MAMATA","411.9","2.01%","52,767","industrials","engineering","smallcap",""
320,"Syrma SGS Technology Ltd","SYRMA","1,732.6","2%","10,26,235","consumer discretionary","electronics - components","largecap",""
321,"Zydus Lifesciences Ltd","ZYDUSLIFE","1,203.9","2%","19,91,779","healthcare","pharmaceuticals - indian - bulk drugs & formln","largecap",""
322,"Mcnally Bharat Engineering Company Limited","MBECL","456.4","2%","6,303","realty","engineering - turnkey services","smallcap",""
323,"Bafna Pharmaceuticals Ltd","BAFNAPH","350.05","2%","2,166","healthcare","pharmaceuticals - indian - formulations","smallcap",""
324,"Berger Paints (i) Limited","BERGEPAINT","458.35","1.99%","2,19,110","building materials","paints / varnishes","largecap",""
325,"Euro India Fresh Foods Ltd","EIFFL","271.7","1.99%","525","fmcg","food - processing - indian","smallcap",""
326,"Sampann Utpadan India Ltd","SAMPANN","24.56","1.99%","37,461","fmcg","miscellaneous","smallcap",""
327,"Ds Kulkarni Developers Limited","DSKULKARNI","24.09","1.99%","200","realty","construction","smallcap",""
328,"Impex Ferro Tech Limited","IMPEXFERRO","6.14","1.99%","1,22,513","metals & mining","mining / minerals / metals","smallcap",""
329,"Gujarat Lease Financing Limited","GLFL","5.12","1.99%","8,638","financials","finance & investments","smallcap",""
330,"The Sandesh Limited","SANDESH","1,034.4","1.98%","566","media","entertainment / electronic media software","smallcap",""
331,"Eih Associated Hotels Limited","EIHAHOTELS","294.3","1.98%","30,841","services","hotels","smallcap",""
332,"Hindware Home Innovation Ltd","HINDWAREAP","173.68","1.98%","1,11,443","consumer discretionary","trading","smallcap",""
333,"Samvardhana Motherson International Ltd","MOTHERSON","165.71","1.98%","1,42,39,797","auto","auto ancillaries","largecap",""
334,"MIC Electronics Ltd","MICEL","36.1","1.98%","78,757","consumer discretionary","electronics - components","smallcap",""
335,"Magnum Ventures Limited","MAGNUM","19.02","1.98%","15,051","building materials","paper","smallcap",""
336,"Deep Industries Ltd","DEEPINDS","781.1","1.97%","3,39,780","energy","oil drilling / allied services","smallcap",""
337,"KPI Green Energy Ltd","KPIGREEN","339.75","1.97%","15,57,582","power & utilities","power generation and supply","midcap",""
338,"Uma Exports Ltd","UMAEXPORTS","21.22","1.97%","1,402","services","trading","smallcap",""
339,"Panache Digilife Ltd","PANACHE","525","1.96%","2,113","i.t","computers - hardware","smallcap",""
340,"Simbhaoli Sugars Limited","SIMBHALS","6.31","1.94%","13,170","fmcg","sugar","smallcap",""
341,"Gvk Power & Infrastructure Limited","GVKPIL","2.63","1.94%","43,98,958","realty","engineering - turnkey services","smallcap",""
342,"HB Stockholdings Ltd","HBSL","56.08","1.93%","3,326","financials","finance & investments","smallcap",""
343,"Mps Limited","MPSLTD","2,666.9","1.91%","5,474","i.t","computers - software - medium / small","smallcap",""
344,"Piccadily Agro Industries Ltd","PICCADIL","613","1.9%","1,16,320","fmcg","breweries & distilleries","midcap",""
345,"Prudential Sugar Corporation Ltd","PRUDMOULI","13.93","1.9%","11,847","fmcg","trading","smallcap",""
346,"Sonata Software Limited","SONATSOFTW","279.9","1.89%","4,73,878","i.t","computers - software - medium / small","midcap",""
347,"Dlf Limited","DLF","683","1.88%","35,73,018","realty","construction","largecap",""
348,"IRIS Business Services Ltd","IRIS","235.94","1.88%","26,122","i.t","computers - software - medium / small","smallcap",""
349,"TransIndia Real Estate Ltd","TREL","28.32","1.87%","1,16,098","transportation","miscellaneous","smallcap",""
350,"Azad Engineering Ltd","AZAD","2,728","1.86%","4,38,788","aerospace & defence","engineering","midcap",""
351,"Weizmann Limited","WEIZMANIND","73","1.86%","1,649","textiles","textiles - processing","smallcap",""
352,"Oil Country Tubular Limited","OILCOUNTUB","72.2","1.85%","26,619","metals & mining","steel - medium / small","smallcap",""
353,"Granules India Limited","GRANULES","868.65","1.83%","5,97,420","healthcare","pharmaceuticals - indian - bulk drugs & formln","largecap",""
354,"Avonmore Capital & Management Services Ltd","AVONMORE","13.34","1.83%","2,66,100","financials","finance & investments","smallcap",""
355,"Vivimed Labs Limited","VIVIMEDLAB","5.55","1.83%","14,406","healthcare","pharmaceuticals - indian - bulk drugs & formln","smallcap",""
356,"Relaxo Footwears Limited","RELAXO","297","1.82%","1,29,942","consumer discretionary","leather / leather products","midcap",""
357,"Ncl Industries Limited","NCLIND","179.26","1.81%","50,784","building materials","cement - south india","smallcap",""
358,"Ansal Properties & Infrastructure Limited","ANSALAPI","3.93","1.81%","1,15,867","realty","construction","smallcap",""
359,"Supreme Engineering Ltd","SUPREMEENG","3.93","1.81%","1,59,066","metals & mining","steel - medium / small","smallcap",""
360,"Flexituff International Limited","FLEXITUFF","2.82","1.81%","4,300","industrials","packaging","smallcap",""
361,"Persistent Systems Limited","PERSISTENT","5,372","1.8%","3,07,915","i.t","computers - software - large","largecap",""
362,"AU Small Finance Bank Ltd","AUBANK","1,018","1.79%","25,24,193","bank","banks - private sector","largecap",""
363,"Tci Express Limited","TCIEXP","501.55","1.79%","33,811","transportation","miscellaneous","smallcap",""
364,"Tamil Nadu Newsprint & Papers Limited","TNPL","151.6","1.79%","3,69,264","building materials","paper","smallcap",""
365,"Ttk Prestige Limited","TTKPRESTIG","524.4","1.77%","21,938","consumer discretionary","domestic appliances","midcap",""
366,"Mirae Asset S&P 500 Top 50 ETF","MASPTOP50","98.49","1.77%","13,42,201","indices","indices","smallcap",""
367,"Xchanging Solutions Limited","XCHANGING","61.42","1.77%","64,422","i.t","computers - software - medium / small","smallcap",""
368,"Belrise Industries Ltd","BELRISE","247.92","1.76%","30,73,786","auto","auto ancillaries","largecap",""
369,"Mahindra & Mahindra Limited","M&M","3,035","1.75%","20,80,300","auto","automobiles - passenger cars","largecap",""
370,"Welspun Investments And Commercials Limited","WELINV","2,499.9","1.75%","20","financials","finance & investments","smallcap",""
371,"Balu Forge Industries Ltd","BALUFORGE","506.8","1.75%","6,21,775","castings, forgings & fasteners","castings & forgings","midcap",""
372,"Shree Vasu Logistics Ltd","SVLL","834.7","1.74%","61,467","transportation","miscellaneous","smallcap",""
373,"Godrej Properties Limited","GODREJPROP","1,700.1","1.73%","2,73,610","realty","construction","largecap",""
374,"20 Microns Limited","20MICRONS","217.58","1.73%","1,01,345","metals & mining","mining / minerals / metals","smallcap",""
375,"Nk Industries Limited","NKIND","60.36","1.72%","21","fmcg","solvent extraction","smallcap",""
376,"Menon Bearings Limited","MENONBE","298.25","1.71%","30,108","auto","auto ancillaries","smallcap",""
377,"Bgr Energy Systems Limited","BGRENERGY","255.81","1.7%","28,236","realty","engineering - turnkey services","smallcap",""
378,"Jayant Agro Organics Limited","JAYAGROGN","234.84","1.7%","13,619","chemicals","chemicals","smallcap",""
379,"Shree Renuka Sugars Limited","RENUKA","23.31","1.7%","2,45,34,315","fmcg","sugar","smallcap",""
380,"Radico Khaitan Limited","RADICO","4,557.1","1.69%","2,51,300","fmcg","breweries & distilleries","largecap",""
381,"Mahamaya Steel Industries Limited","MAHASTEEL","1,232.1","1.67%","3,320","metals & mining","steel - medium / small","smallcap",""
382,"Indoco Remedies Limited","INDOCO","254.46","1.67%","1,00,085","healthcare","pharmaceuticals - indian - bulk drugs & formln","smallcap",""
383,"Ravindra Energy Ltd","RELTD","148.77","1.67%","99,232","industrials","electric equipment","smallcap",""
384,"Allcargo Terminals Ltd","ATL","25.6","1.67%","1,86,397","transportation","miscellaneous","smallcap",""
385,"Race Eco Chain Ltd","RACE","117.9","1.66%","1,36,785","services","trading","smallcap",""
386,"GVP Infotech Ltd","GVPTECH","7.94","1.66%","83,520","i.t","trading","smallcap",""
387,"Jayshree Tea & Industries Limited","JAYSREETEA","89.37","1.65%","17,278","fmcg","tea","smallcap",""
388,"Manali Petrochemicals Limited","MANALIPETC","84.65","1.65%","10,65,632","energy","petrochemicals","smallcap",""
389,"DSJ Keep Learning Ltd","KEEPLEARN","1.85","1.65%","9,589","services","miscellaneous","smallcap",""
390,"Astra Microwave Products Limited","ASTRAMICRO","1,622.4","1.64%","2,67,279","aerospace & defence","telecommunications - equipment","midcap",""
391,"Adani Power Limited","ADANIPOWER","202.75","1.64%","1,61,71,228","power & utilities","power generation and supply","largecap",""
392,"IFGL Refractories Ltd","IFGLEXPOR","197.45","1.64%","18,417","building materials","refractories / intermediates","smallcap",""
393,"Blue Coast Hotels Limited","BLUECOAST","21.06","1.64%","6,145","services","hotels","smallcap",""
394,"Vadilal Industries Limited","VADILALIND","7,534.5","1.63%","6,174","fmcg","food - processing - indian","midcap",""
395,"Sterlite Technologies Limited","STLTECH","837.2","1.63%","8,07,308","industrials","cables - telephone","largecap",""
396,"Gujarat Alkalies And Chemicals Limited","GUJALKALI","630.9","1.63%","46,193","chemicals","chemicals","smallcap",""
397,"International Gemmological Institute (India) Ltd","IGIL","330.55","1.63%","5,51,729","miscellaneous","miscellaneous","midcap",""
398,"CSL Finance Ltd","CSLFINANCE","215.19","1.63%","15,271","financials","finance & investments","smallcap",""
399,"Lotus Eye Care Hospital Limited","LOTUSEYE","115.07","1.63%","6,263","healthcare","healthcare","smallcap",""
400,"Palred Technologies Limited","PALREDTEC","46.84","1.63%","5,953","services","trading","smallcap",""
401,"Tvs Motor Company Limited","TVSMOTOR","4,157.3","1.62%","4,11,326","auto","automobiles - motorcycles / mopeds","largecap",""
402,"Alembic Pharmaceuticals Limited","APLLTD","863.75","1.62%","3,09,225","healthcare","pharmaceuticals - indian - bulk drugs & formln","midcap",""
403,"Solara Active Pharma Sciences Ltd","SOLARA","739.15","1.62%","2,87,888","healthcare","pharmaceuticals - indian - bulk drugs & formln","smallcap",""
404,"Pritish Nandy Communications Limited","PNC","16.89","1.62%","2,725","media","entertainment / electronic media software","smallcap",""
405,"Zee Media Corporation Limited","ZEEMEDIA","7.52","1.62%","9,69,637","media","entertainment / electronic media software","smallcap",""
406,"Ankit Metal & Power Limited","ANKITMETAL","1.88","1.62%","7,700","metals & mining","steel - medium / small","smallcap",""
407,"Ador Welding Ltd","ADOR","1,638.9","1.61%","39,147","industrials","electrodes - welding equipment","smallcap",""
408,"Gujarat Themis Biosyn Ltd","GUJTHEM","417","1.6%","1,59,525","healthcare","pharmaceuticals - indian - bulk drugs","midcap",""
409,"Vardhman Special Steels Limited","VSSL","411.5","1.6%","78,218","metals & mining","steel - medium / small","smallcap",""
410,"Edelweiss Silver ETF","ESILVER","229.29","1.6%","2,78,052","indices","indices","smallcap",""
411,"Hikal Limited","HIKAL","217.58","1.6%","6,03,533","healthcare","pharmaceuticals - indian - bulk drugs","smallcap",""
412,"Raj Rayon Industries Ltd","RAJRILTD","20.9","1.6%","9,307","textiles","textiles - manmade","smallcap",""
413,"Privi Speciality Chemicals Ltd","PRIVISCL","3,594.1","1.59%","97,623","chemicals","chemicals","midcap",""
414,"Aditya Birla Real Estate Ltd","ABREL","1,230.9","1.58%","1,64,987","realty","construction","midcap",""
415,"Kesoram Industries Limited","KESORAMIND","11.57","1.58%","3,53,967","miscellaneous","miscellaneous","smallcap",""
416,"Carysil Ltd","CARYSIL","1,064.4","1.57%","88,707","consumer discretionary","domestic appliances","smallcap",""
417,"Imagicaaworld Entertainment Ltd","IMAGICAA","52.29","1.57%","8,59,001","media","recreation / amusement parks","smallcap",""
418,"Automotive Axles Limited","AUTOAXLES","1,709.8","1.56%","26,667","auto","auto ancillaries","smallcap",""
419,"GE Power India Ltd","GVPIL","669.7","1.56%","1,03,896","realty","engineering - turnkey services","smallcap",""
420,"Westlife Foodworld Ltd","WESTLIFE","578.1","1.55%","4,37,736","consumer discretionary","hotels","midcap",""
421,"Filatex India Limited","FILATEX","106.94","1.54%","69,01,260","textiles","textiles - manmade","smallcap",""
422,"3P Land Holdings Ltd","3PLAND","30.99","1.54%","2,653","financials","finance & investments","smallcap",""
423,"Parsvnath Developers Limited","PARSVNATH","1.98","1.54%","12,30,480","realty","construction","smallcap",""
424,"Mep Infrastructure Developers Limited","MEP","0.66","1.54%","15,952","realty","construction","smallcap",""
425,"Vedant Fashions Ltd","MANYAVAR","532.5","1.53%","1,99,080","readymade garments/apparels","textiles - products","midcap",""
426,"Aptus Value Housing Finance India Ltd","APTUS","244.6","1.53%","12,78,151","financials","finance - housing","midcap",""
427,"Grauer & Weil (India) Ltd","GRAUWEIL","88.02","1.53%","10,99,667","chemicals","chemicals","smallcap",""
428,"Coral India Finance & Housing Ltd","CORALFINAC","31.77","1.53%","6,235","financials","finance - housing","smallcap",""
429,"Golden Tobacco Limited","GOLDENTOBC","24.61","1.53%","1,693","realty","construction","smallcap",""
430,"Bajaj Finance Limited","BAJFINANCE","996.9","1.52%","54,67,794","financials","finance & investments","largecap",""
431,"REC Ltd","RECLTD","312.95","1.52%","38,96,789","financials","finance - term-lending institutions","largecap",""
432,"Stylam Industries Ltd","STYLAMIND","3,369.4","1.51%","41,489","building materials","miscellaneous","midcap",""
433,"Royal Orchid Hotels Limited","ROHLTD","308.6","1.51%","24,782","services","hotels","smallcap",""
434,"Arihant Capital Markets Ltd","ARIHANTCAP","93.34","1.51%","4,52,181","financials","finance & investments","smallcap",""
435,"Snowman Logistics Limited","SNOWMAN","34.91","1.51%","1,41,817","transportation","miscellaneous","smallcap",""
436,"Indo Amines Ltd","INDOAMIN","136.5","1.5%","67,910","chemicals","chemicals","smallcap",""
437,"Zodiac Clothing Company Limited","ZODIACLOTH","70.27","1.5%","2,226","readymade garments/apparels","textiles - products","smallcap",""
438,"Beardsell Limited","BEARDSELL","24.47","1.49%","8,623","plastic products","plastics products","smallcap",""
439,"Krishana Phoschem Ltd","KRISHANA","187.24","1.48%","3,56,024","chemicals","fertilizers","smallcap",""
440,"Techno Electric & Engineering Company Ltd","TECHNOE","1,006.2","1.47%","1,04,359","realty","engineering - turnkey services","midcap",""
441,"Monte Carlo Fashions Limited","MONTECARLO","524.1","1.47%","28,282","textiles","textiles - products","smallcap",""
442,"Sicagen India Limited","SICAGEN","53.13","1.47%","10,821","services","trading","smallcap",""
443,"RattanIndia Enterprises Ltd","RTNINDIA","26.96","1.47%","9,23,840","financials","finance & investments","smallcap",""
444,"Shyam Telecom Limited","SHYAMTEL","11.07","1.47%","726","services","trading","smallcap",""
445,"Sri Havisha Hospitality & Infrastructure Ltd","HAVISHA","1.38","1.47%","32,071","services","hotels","smallcap",""
446,"Navin Fluorine International Limited","NAVINFLUOR","8,584.5","1.46%","1,07,462","chemicals","chemicals","largecap",""
447,"Baazar Style Retail Ltd","STYLEBAAZA","375.8","1.46%","6,25,952","consumer discretionary","trading","smallcap",""
448,"KALPATARU","KALPATARU","281.85","1.46%","1,28,997","realty","construction","midcap",""
449,"Gulf Oil Lubricants India Limited","GULFOILLUB","1,106.6","1.45%","59,678","chemicals","chemicals","midcap",""
450,"Authum Investment & Infrastructure Ltd","AIIL","559.6","1.45%","3,38,399","financials","finance & investments","largecap",""
451,"Hindustan Composites Limited","HINDCOMPOS","387.35","1.45%","2,085","miscellaneous","diversified - medium / small","smallcap",""
452,"Force Motors Ltd","FORCEMOT","17,388","1.44%","64,737","auto","automobiles - lcvs / hcvs","largecap",""
453,"Tega Industries Ltd","TEGA","2,091.6","1.44%","2,61,282","industrials","engineering","midcap",""
454,"Ganesha Ecosphere Limited","GANECOS","1,028.6","1.44%","48,026","textiles","textiles - manmade","smallcap",""
455,"Rudrabhishek Enterprises Ltd","REPL","61.49","1.44%","3,682","miscellaneous","miscellaneous","smallcap",""
456,"Hcl Infosystems Limited","HCL-INSYS","10.57","1.44%","1,50,513","i.t","computers - hardware","smallcap",""
457,"Wendt (india) Limited","WENDT","8,646","1.41%","7,895","industrials","abrasives and grinding wheels","smallcap",""
458,"Star Health & Allied Insurance Company Ltd","STARHEALTH","558.15","1.41%","12,80,937","financials","finance & investments","largecap",""
459,"International Conveyors Ltd","INTLCONV","81.17","1.41%","56,540","fmcg","miscellaneous","smallcap",""
460,"Kalyani Investment Company Limited","KICL","5,009.5","1.4%","855","financials","finance & investments","smallcap",""
461,"Astec Lifesciences Limited","ASTEC","739","1.4%","1,14,860","chemicals","pesticides / agrochemicals - indian","smallcap",""
462,"Walchandnagar Industries Limited","WALCHANNAG","210.99","1.4%","4,63,868","industrials","engineering","smallcap",""
463,"Valiant Laboratories Ltd","VALIANTLAB","124.87","1.4%","62,693","healthcare","pharmaceuticals - indian - bulk drugs & formln","smallcap",""
464,"Sikko Industries Ltd","SIKKO","6.51","1.4%","13,28,718","chemicals","pesticides / agrochemicals - indian","smallcap",""
465,"Cheviot Company Ltd","CHEVIOT","1,182.8","1.39%","3,044","textiles","textiles - jute - yarn / products","smallcap",""
466,"Sky Gold Ltd","SKYGOLD","793.55","1.39%","3,09,335","consumer discretionary","diamond cutting / jewellery","midcap",""
467,"MMP Industries Ltd","MMP","460.25","1.39%","37,919","metals & mining","aluminium and aluminium products","smallcap",""
468,"Hpl Electric & Power Limited","HPL","278.15","1.39%","94,501","industrials","electric equipment","smallcap",""
469,"Cupid Limited","CUPID","270","1.39%","1,36,80,181","fmcg","personal care - indian","largecap",""
470,"India Pesticides Ltd","IPL","133.92","1.39%","2,78,960","chemicals","pesticides / agrochemicals - indian","smallcap",""
471,"Niva Bupa Health Insurance Company Ltd","NIVABUPA","77.19","1.39%","11,11,284","financials","finance & investments","midcap",""
472,"HDFC Silver ETF","HDFCSILVER","218.66","1.38%","19,40,902","indices","indices","smallcap",""
473,"RELCNX100","RELCNX100","123.66","1.38%","19,190","n/a","indices","smallcap",""
474,"DSP Silver ETF","SILVERADD","22.04","1.38%","61,58,711","n/a","indices","smallcap",""
475,"Apl Apollo Tubes Limited","APLAPOLLO","2,214.7","1.37%","3,39,098","industrials","steel - large","largecap",""
476,"Aries Agro Limited","ARIES","473.3","1.37%","5,177","chemicals","fertilizers","smallcap",""
477,"Prostarm Info Systems Ltd","PROSTARM","141.17","1.37%","7,98,903","industrials","trading","smallcap",""
478,"Solar Industries India Limited","SOLARINDS","19,745","1.36%","1,20,411","aerospace & defence","chemicals","largecap",""
479,"Can Fin Homes Limited","CANFINHOME","753.25","1.36%","3,52,616","financials","finance - housing","midcap",""
480,"Go Digit General Insurance Ltd","GODIGIT","253.7","1.36%","3,65,201","financials","finance & investments","largecap",""
481,"SBI Silver ETF","SBISILVER","224.28","1.36%","6,69,388","indices","indices","smallcap",""
482,"Modi Rubber Ltd","MODIRUBBER","121.62","1.36%","1,008","miscellaneous","miscellaneous","smallcap",""
483,"Dic India Limited","DICIND","656.5","1.35%","4,187","chemicals","chemicals","smallcap",""
484,"SG Finserve Ltd","SGFIN","609.7","1.35%","1,37,855","financials","finance & investments","smallcap",""
485,"Indian Energy Exchange Ltd","IEX","112.7","1.35%","20,79,348","financials","miscellaneous","midcap",""
486,"Expleo Solutions Ltd","EXPLEOSOL","883.25","1.34%","8,559","i.t","computers - software - medium / small","smallcap",""
487,"UTI Silver ETF","SILVERBETA","220.87","1.34%","3,09,159","indices","indices","smallcap",""
488,"Euro Panel Products Ltd","EUROBOND","150.56","1.34%","2,657","metals & mining","aluminium and aluminium products","smallcap",""
489,"The Investment Trust of India Ltd","THEINVEST","93.86","1.33%","4,243","financials","finance & investments","smallcap",""
490,"Mukka Proteins Ltd","MUKKA","27.4","1.33%","2,10,332","fmcg","food - processing - indian","smallcap",""
491,"Nippon India Silver ETF","SILVERBEES","218.8","1.32%","1,43,22,964","indices","indices","smallcap",""
492,"Tata Silver Exchange Traded Fund","TATSILV","22.21","1.32%","2,81,33,247","indices","indices","smallcap",""
493,"Sportking India Ltd","SPORTKING","213.62","1.31%","1,35,844","textiles","textiles - spinning - synthetic / blended","smallcap",""
494,"Aarey Drugs & Pharmaceuticals Ltd","AAREYDRUGS","101.57","1.31%","1,12,885","healthcare","pharmaceuticals - indian - bulk drugs","smallcap",""
495,"Shemaroo Entertainment Limited","SHEMAROO","124.51","1.3%","22,366","media","entertainment / electronic media software","smallcap",""
496,"Il&fs Investment Managers Limited","IVC","7.8","1.3%","1,57,173","financials","finance & investments","smallcap",""
497,"Adani Green Energy Ltd","ADANIGREEN","1,296.6","1.29%","9,72,126","power & utilities","power generation and supply","largecap",""
498,"Anupam Rasayan India Ltd","ANURAS","1,192.4","1.29%","1,67,982","chemicals","chemicals","midcap",""
499,"Td Power Systems Limited","TDPOWERSYS","751.55","1.29%","10,40,836","industrials","electric equipment","midcap",""
500,"Hemisphere Properties India Ltd","HEMIPROP","120.36","1.29%","2,31,330","realty","construction","smallcap",""
501,"Capital India Finance Ltd","CIFL","22.04","1.29%","84,467","financials","finance & investments","smallcap",""
502,"Mirae Asset Silver ETF","SILVERAG","222.76","1.28%","1,15,426","indices","indices","smallcap",""
503,"Kotak Silver ETF","SILVER1","22.19","1.28%","68,97,794","indices","indices","smallcap",""
504,"Mangalam Organics Ltd","MANORG","458.9","1.27%","3,558","chemicals","chemicals","smallcap",""
505,"India Glycols Limited","INDIAGLYCO","309.9","1.27%","20,54,007","fmcg","breweries & distilleries","smallcap",""
506,"Udayshivakumar Infra Ltd","USK","19.86","1.27%","30,738","realty","construction","smallcap",""
507,"Jindal Stainless Limited","JSL","748.25","1.26%","17,74,357","metals & mining","steel - large","largecap",""
508,"Ravinder Heights Ltd","RVHL","39.32","1.26%","689","realty","construction","smallcap",""
509,"Asian Hotels (north) Limited","ASIANHOTNR","394.35","1.25%","5,905","services","hotels","smallcap",""
510,"Likhitha Infrastructure Ltd","LIKHITHA","230.23","1.25%","35,441","realty","construction","smallcap",""
511,"360 ONE Silver ETF","SILVER360","225.19","1.25%","7,141","indices","indices","smallcap",""
512,"GMR Power & Urban Infra Ltd","GMRP&UI","102.68","1.25%","21,75,028","realty","engineering - turnkey services","midcap",""
513,"Kothari Products Limited","KOTHARIPRO","67.97","1.25%","11,027","services","trading","smallcap",""
514,"Country Condo's Limited","COUNCODOS","6.46","1.25%","18,737","realty","construction","smallcap",""
515,"Sansera Engineering Ltd","SANSERA","4,662.4","1.23%","3,15,334","auto","auto ancillaries","largecap",""
516,"Avenue Supermarts Ltd","DMART","3,834.2","1.23%","2,97,635","consumer discretionary","trading","largecap",""
517,"BirlaNu Ltd","BIRLANU","1,438.8","1.23%","10,226","building materials","cement products","smallcap",""
518,"Zuari Agro Chemicals Limited","ZUARI","221.1","1.23%","67,478","chemicals","fertilizers","smallcap",""
519,"Unicommerce eSolutions Ltd","UNIECOM","83.78","1.23%","5,14,134","i.t","computers - software - medium / small","smallcap",""
520,"Orient Press Limited","ORIENTLTD","80.48","1.23%","555","industrials","packaging","smallcap",""
521,"Torrent Pharmaceuticals Limited","TORNTPHARM","4,988.5","1.22%","3,86,632","healthcare","pharmaceuticals - indian - formulations","largecap",""
522,"Control Print Limited","CONTROLPR","591.8","1.22%","23,882","i.t","computers - hardware","smallcap",""
523,"Hero Motocorp Limited","HEROMOTOCO","5,360","1.21%","2,99,598","auto","automobiles - motorcycles / mopeds","largecap",""
524,"Thermax Limited","THERMAX","3,447.2","1.21%","71,452","industrials","electric equipment","largecap",""
525,"ICICI Prudential Silver ETF","SILVERIETF","228.35","1.21%","19,50,556","indices","indices","smallcap",""
526,"Tpl Plastech Limited","TPLPLASTEH","65.85","1.21%","98,266","industrials","packaging","smallcap",""
527,"The Phoenix Mills Limited","PHOENIXLTD","1,978.4","1.2%","4,63,656","realty","construction","largecap",""
528,"Kaya Limited","KAYA","316.8","1.2%","3,460","healthcare","miscellaneous","smallcap",""
529,"Crown Lifters Ltd","CROWN","119.36","1.2%","9,405","miscellaneous","miscellaneous","smallcap",""
530,"Onida Electronics Ltd","ONIDA","33.68","1.2%","3,03,378","consumer discretionary","electronics - consumer","smallcap",""
531,"Gm Breweries Limited","GMBREW","978.8","1.19%","73,282","fmcg","breweries & distilleries","smallcap",""
532,"Axis Silver ETF","SILVERAXIS","227.3","1.19%","1,83,082","indices","indices","smallcap",""
533,"Rico Auto Industries Limited","RICOAUTO","132.23","1.19%","9,46,822","auto","auto ancillaries","smallcap",""
534,"Sintercom India Ltd","SINTERCOM","77.93","1.19%","3,169","auto","auto ancillaries","smallcap",""
535,"TCPL Packaging Ltd","TCPLPACK","4,106.8","1.18%","9,656","industrials","packaging","smallcap",""
536,"Quality Power Electrical Equipments Ltd","QPOWER","1,517.8","1.18%","1,61,416","industrials","electric equipment","midcap",""
537,"Jubilant Foodworks Limited","JUBLFOOD","484.55","1.18%","9,45,073","consumer discretionary","hotels","largecap",""
538,"Bharat Gears Limited","BHARATGEAR","101.51","1.18%","12,275","auto","auto ancillaries","smallcap",""
539,"JTL Industries Ltd","JTLIND","91.16","1.18%","15,48,897","metals & mining","steel - medium / small","smallcap",""
540,"Zerodha Silver ETF","SILVERCASE","23.18","1.18%","39,53,843","indices","indices","smallcap",""
541,"Sharda Cropchem Limited","SHARDACROP","749.6","1.17%","75,418","chemicals","pesticides / agrochemicals - indian","midcap",""
542,"Dolat Algotech Ltd","DOLATALGO","67.48","1.17%","60,079","financials","finance & investments","smallcap",""
543,"GROWWSLVR","GROWWSLVR","22.4","1.17%","7,48,536","indices","indices","smallcap",""
544,"Viji Finance Limited","VIJIFIN","16.41","1.17%","8,45,633","financials","finance & investments","smallcap",""
545,"Music Broadcast","RADIOCITY","6.05","1.17%","30,851","media","entertainment / electronic media software","smallcap",""
546,"Escorts Kubota Ltd","ESCORTS","2,855.7","1.16%","42,484","auto","automobiles - tractors","largecap",""
547,"Hcl Technologies Limited","HCLTECH","1,258","1.16%","15,68,243","i.t","computers - software - large","largecap",""
548,"Power Grid Corporation Of India Limited","POWERGRID","269.5","1.16%","62,41,140","power & utilities","power generation and supply","largecap",""
549,"Laxmi India Finance Ltd","LAXMIINDIA","122.06","1.16%","2,80,318","financials","finance & investments","smallcap",""
550,"Voltamp Transformers Limited","VOLTAMP","10,709","1.15%","9,587","industrials","electric equipment","midcap",""
551,"Ig Petrochemicals Limited","IGPL","593.15","1.15%","62,045","chemicals","chemicals","smallcap",""
552,"Aditya Birla Sun Life Silver ETF","SILVER","228.33","1.15%","4,76,881","indices","indices","smallcap",""
553,"Oberoi Realty Limited","OBEROIRLTY","1,858.5","1.14%","6,38,248","realty","construction","largecap",""
554,"Motilal Oswal Silver ETF","MOSILVER","226","1.14%","37,324","indices","indices","smallcap",""
555,"Varvee Global Ltd","VGL","67.28","1.14%","42,751","textiles","textiles - cotton/blended","smallcap",""
556,"Transrail Lighting Ltd","TRANSRAILL","469.25","1.13%","6,97,224","realty","engineering - turnkey services","midcap",""
557,"Ashok Leyland Limited","ASHOKLEY","159.08","1.13%","1,02,74,172","auto","automobiles - lcvs / hcvs","largecap",""
558,"Birla Corporation Limited","BIRLACORPN","850.3","1.12%","35,349","building materials","cement - north india","midcap",""
559,"Nitin Spinners Limited","NITINSPIN","612.35","1.12%","23,745","textiles","textiles - cotton/blended","smallcap",""
560,"Nrb Bearing Limited","NRBBEARING","534.8","1.12%","3,55,143","industrials","bearings","midcap",""
561,"Cohance Lifesciences Ltd","COHANCE","459.25","1.12%","5,57,235","healthcare","pharmaceuticals - indian - bulk drugs & formln","midcap",""
562,"Western India Plywoods Ltd","WIPL","168.46","1.12%","314","building materials","miscellaneous","smallcap",""
563,"Supreme Infrastructure India Limited","SUPREMEINF","81.29","1.12%","17,086","realty","engineering - turnkey services","smallcap",""
564,"Murudeshwar Ceramics Limited","MURUDCERA","28.89","1.12%","4,317","building materials","ceramics - tiles / sanitaryware","smallcap",""
565,"DRC Systems India Ltd","DRCSYSTEMS","12.69","1.12%","26,678","i.t","computers - software - medium / small","smallcap",""
566,"LTIMindtree Ltd","LTM","4,083","1.11%","3,02,018","i.t","computers - software - large","largecap",""
567,"Tata Power Company Limited","TATAPOWER","367.5","1.11%","17,27,813","power & utilities","power generation and supply","largecap",""
568,"Incredible Industries Ltd","INCREDIBLE","32.74","1.11%","7,776","metals & mining","steel - medium / small","smallcap",""
569,"Pavna Industries Ltd","PAVNAIND","15.46","1.11%","29,382","auto","auto ancillaries","smallcap",""
570,"Coromandel International Limited","COROMANDEL","1,963.9","1.1%","49,460","chemicals","fertilizers","largecap",""
571,"Arrow Greentech Limited","ARROWGREEN","905.8","1.1%","43,393","plastic products","plastics products","smallcap",""
572,"Vinny Overseas Ltd","VINNY","0.93","1.09%","1,33,335","textiles","textiles - processing","smallcap",""
573,"Rashi Peripherals Ltd","RPTECH","893","1.08%","2,14,767","i.t","trading","midcap",""
574,"Titan Company Limited","TITAN","4,884","1.07%","3,68,677","consumer discretionary","diamond cutting / jewellery","largecap",""
575,"Time Technoplast Limited","TIMETECHNO","181.22","1.07%","20,79,844","plastic products","plastics products","midcap",""
576,"Linc Ltd","LINC","93.23","1.07%","5,802","miscellaneous","printing & stationery","smallcap",""
577,"Celebrity Fashions Limited","CELEBRITY","6.63","1.07%","18,954","readymade garments/apparels","textiles - products","smallcap",""
578,"Shanti Overseas (India) Ltd","SHANTI","5.68","1.07%","10,428","fmcg","food - processing - indian","smallcap",""
579,"Nippon Life India Asset Management Ltd","NAM-INDIA","1,157","1.06%","7,52,030","financials","finance & investments","largecap",""
580,"Igarashi Motors India Limited","IGARASHI","422.8","1.06%","55,573","industrials","electric equipment","smallcap",""
581,"Pansari Developers Ltd","PANSARI","289.95","1.06%","212","realty","construction","smallcap",""
582,"Genesys International Corporation Limited","GENESYS","286.17","1.06%","7,54,157","i.t","computers - software - medium / small","smallcap",""
583,"Welspun Living Ltd","WELSPUNLIV","224.68","1.06%","28,58,135","textiles","textiles - products","largecap",""
584,"Suraj Estate Developers Ltd","SURAJEST","221.75","1.06%","75,687","realty","construction","smallcap",""
585,"Vaishali Pharma Ltd","VAISHALI","8.62","1.06%","54,082","healthcare","pharmaceuticals - indian - bulk drugs & formln","smallcap",""
586,"Bosch Limited","BOSCHLTD","48,250","1.05%","18,852","auto","auto ancillaries","largecap",""
587,"Tanla Solutions Limited","TANLA","494.75","1.05%","2,48,415","i.t","computers - software - medium / small","midcap",""
588,"Kirloskar Ferrous Industries Ltd","KIRLFER","483.2","1.05%","1,46,189","metals & mining","steel - large","midcap",""
589,"Piramal Pharma Ltd","PPLPHARMA","210.31","1.05%","33,61,746","healthcare","pharmaceuticals - indian - bulk drugs & formln","largecap",""
590,"HDFC Nifty 50 Value 20 ETF","HDFCVALUE","121.27","1.05%","23,323","indices","indices","smallcap",""
591,"Mbl Infrastructures Limited","MBLINFRA","21.12","1.05%","87,140","realty","construction","smallcap",""
592,"Hitachi Energy India Ltd","POWERINDIA","31,035","1.04%","1,30,207","industrials","electric equipment","largecap",""
593,"Tips Music Ltd","TIPSMUSIC","668.95","1.04%","2,45,082","media","entertainment / electronic media software","midcap",""
594,"Goldiam International Limited","GOLDIAM","325.05","1.04%","2,56,884","consumer discretionary","diamond cutting / jewellery","smallcap",""
595,"Invesco India Gold ETF","IVZINGOLD","131.4","1.04%","34,807","indices","indices","smallcap",""
596,"Jet Freight Logistics Ltd","JETFREIGHT","21.43","1.04%","1,67,163","transportation","transport - airlines","smallcap",""
597,"Rishabh Instruments Ltd","RISHABH","711.8","1.03%","2,20,502","industrials","electric equipment","smallcap",""
598,"Laxmi Dental Ltd","LAXMIDENTL","199.07","1.03%","64,495","healthcare","healthcare","smallcap",""
599,"Ahlada Engineers Ltd","AHLADA","39.16","1.03%","16,684","metals & mining","steel - medium / small","smallcap",""
600,"Bannari Amman Spinning Mills Limited","BASML","24.51","1.03%","11,906","textiles","textiles - cotton/blended","smallcap",""
601,"Interglobe Aviation Limited","INDIGO","4,940","1.02%","4,08,716","transportation","transport - airlines","largecap",""
602,"AMJ Land Holdings Ltd","AMJLAND","37.7","1.02%","2,920","realty","construction","smallcap",""
603,"Noida Toll Bridge Company Limited","NOIDATOLL","3.96","1.02%","34,452","realty","construction","smallcap",""
604,"BlackBuck Ltd","BLACKBUCK","598.95","1.01%","6,60,012","transportation","miscellaneous","midcap",""
605,"Gocl Corporation Limited","GOCLCORP","384.1","1.01%","1,05,705","miscellaneous","diversified - medium / small","smallcap",""
606,"Aurum Proptech Ltd","AURUM","222.45","1.01%","1,03,745","i.t","computers - software - medium / small","smallcap",""
607,"Ashima Limited","ASHIMASYN","15.96","1.01%","21,790","miscellaneous","diversified - medium / small","smallcap",""
608,"Sona BLW Precision Forgings Ltd","SONACOMS","824.5","1%","31,01,062","auto","auto ancillaries","largecap",""
609,"Maharashtra Seamless Limited","MAHSEAMLES","715.65","1%","2,10,790","metals & mining","steel - medium / small","midcap",""
610,"Arfin India Ltd","ARFIN","90.31","1%","11,24,364","metals & mining","aluminium and aluminium products","smallcap",""
611,"Shivalik Bimetal Controls Ltd","SBCL","1,154.5","0.99%","1,42,912","metals & mining","mining / minerals / metals","midcap",""
612,"Precot Meridian Limited","PRECOT","640.7","0.99%","1,851","textiles","textiles - cotton/blended","smallcap",""
613,"S H Kelkar And Company Limited","SHK","142.36","0.99%","1,22,196","chemicals","chemicals","smallcap",""
614,"Vodafone Idea Ltd","IDEA","14.26","0.99%","30,92,60,435","telecom-service","telecommunications - service provider","largecap",""
615,"Unitech Limited","UNITECH","4.09","0.99%","27,98,979","realty","construction","smallcap",""
616,"The Great Eastern Shipping Company Limited","GESHIP","1,497.2","0.98%","4,54,472","transportation","shipping","largecap",""
617,"Harsha Engineers International Ltd","HARSHA","462.05","0.98%","1,50,621","industrials","engineering","smallcap",""
618,"Narmada Agrobase Ltd","NARMADA","13.37","0.98%","18,44,506","fmcg","miscellaneous","smallcap",""
619,"Shaily Engineering Plastics Ltd","SHAILY","3,142.3","0.97%","76,625","plastic products","plastics products","midcap",""
620,"Indigo Paints Ltd","INDIGOPNTS","1,128.6","0.97%","42,663","building materials","paints / varnishes","midcap",""
621,"Coal India Limited","COALINDIA","426.1","0.97%","47,98,343","metals & mining","mining / minerals / metals","largecap",""
622,"Bella Casa Fashion & Retail Ltd","BELLACASA","274.98","0.97%","14,505","readymade garments/apparels","textiles - products","smallcap",""
623,"Vikas Ecotech Limited","VIKASECO","1.04","0.97%","8,89,394","miscellaneous","diversified - medium / small","smallcap",""
624,"Prakash Industries Limited","PRAKASH","118.81","0.96%","4,64,030","metals & mining","steel - medium / small","smallcap",""
625,"Maheshwari Logistics Ltd","MAHESHWARI","73.4","0.96%","8,472","services","trading","smallcap",""
626,"NIFTYCONSURDURBL","NIFTYCONSURDURBL","38,278.6","0.95%","0","indices","indices","smallcap",""
627,"Vinati Organics Limited","VINATIORGA","1,206.4","0.95%","21,752","chemicals","chemicals","midcap",""
628,"GRM Overseas Ltd","GRMOVER","80.63","0.95%","9,97,560","fmcg","food - processing - indian","smallcap",""
629,"Pashupati Cotspin Ltd","PASHUPATI","79.69","0.95%","2,68,925","textiles","textiles - cotton/blended","smallcap",""
630,"Brightcom Group Ltd","BCG","9.55","0.95%","35,23,610","i.t","computers - software - medium / small","smallcap",""
631,"Gujarat State Fertilizers & Chemicals Limited","GSFC","156.8","0.93%","7,35,930","chemicals","fertilizers","midcap",""
632,"Quantum Gold Fund ETF","QGOLDHALF","124.8","0.93%","1,26,885","indices","indices","smallcap",""
633,"Prism Johnson Ltd","PRSMJOHNSN","116.31","0.93%","2,21,858","building materials","cement - north india","midcap",""
634,"Motilal Oswal 5 Year G-Sec ETF","MOGSEC","65.32","0.93%","18,488","indices","indices","smallcap",""
635,"Siemens Limited","SIEMENS","3,877","0.92%","80,353","industrials","electric equipment","largecap",""
636,"CNXREALTY","CNXREALTY","869.35","0.92%","0","indices","indices","smallcap",""
637,"Hdfc Bank Limited","HDFCBANK","735.6","0.92%","1,98,53,034","bank","banks - private sector","largecap",""
638,"Sandur Manganese & Iron Ores Ltd","SANDUMA","184.79","0.92%","3,37,776","metals & mining","mining / minerals / metals","midcap",""
639,"Speciality Restaurants Limited","SPECIALITY","152.76","0.92%","40,387","services","hotels","smallcap",""
640,"Karur Vysya Bank Limited","KARURVYSYA","327.95","0.91%","12,33,878","bank","banks - private sector","largecap",""
641,"Mufin Green Finance Ltd","MUFIN","133.02","0.91%","4,22,205","financials","finance & investments","smallcap",""
642,"Manaksia Aluminium Company Limited","MANAKALUCO","35.63","0.91%","15,840","metals & mining","aluminium and aluminium products","smallcap",""
643,"Ultratech Cement Limited","ULTRACEMCO","11,155","0.9%","1,91,155","building materials","cement - north india","largecap",""
644,"AAVAS Financiers Ltd","AAVAS","1,267.7","0.9%","49,117","financials","finance - housing","midcap",""
645,"ICICI Prudential Gold ETF","GOLDIETF","129.03","0.9%","53,78,475","indices","indices","smallcap",""
646,"Axis Gold ETF","GOLDAXIS","125.36","0.9%","4,49,418","indices","indices","smallcap",""
647,"Gtl Infrastructure Limited","GTLINFRA","1.12","0.9%","2,67,43,520","telecom","transmisson line towers / equipment","smallcap",""
648,"NIFTYAUTO","NIFTYAUTO","26,967.9","0.89%","0","indices","indices","smallcap",""
649,"Orient Technologies Ltd","ORIENTTECH","237.3","0.89%","1,43,504","i.t","computers - software - medium / small","smallcap",""
650,"LIC MF Gold ETF","LICMFGOLD","135.7","0.89%","16,779","indices","indices","smallcap",""
651,"Shah Alloys Limited","SHAHALLOYS","92.83","0.89%","58,660","metals & mining","steel - medium / small","smallcap",""
652,"Usha Martin Education & Solutions Limited","UMESLTD","4.55","0.89%","21,477","i.t","computers - education","smallcap",""
653,"Lloyds Metals & Energy Ltd","LLOYDSME","1,838","0.88%","3,17,553","metals & mining","mining / minerals / metals","largecap",""
654,"Britannia Industries Limited","BRITANNIA","4,937.5","0.87%","1,07,642","fmcg","food - processing - mnc","largecap",""
655,"Bharat Heavy Electricals Limited","BHEL","418.95","0.87%","68,52,409","industrials","electric equipment","largecap",""
656,"D.P. Abhushan Ltd","DPABHUSHAN","1,417.7","0.86%","19,662","consumer discretionary","diamond cutting / jewellery","smallcap",""
657,"Nestle India Limited","NESTLEIND","1,362.6","0.86%","3,82,857","fmcg","food - processing - mnc","largecap",""
658,"Refex Industries Limited","REFEX","285.8","0.86%","2,30,207","services","trading","smallcap",""
659,"MAS Financial Services Ltd","MASFIN","282.75","0.86%","2,26,045","financials","finance & investments","midcap",""
660,"Kotak Gold ETF","GOLD1","125.72","0.86%","16,08,175","indices","indices","smallcap",""
661,"Umiya Buildcon Ltd","UMIYA-MRO","97.25","0.86%","6,359","telecom","telecommunications - equipment","smallcap",""
662,"The Motor & General Finance Limited","MOTOGENFIN","25.92","0.86%","40,987","realty","miscellaneous","smallcap",""
663,"Jindal Saw Limited","JINDALSAW","285.5","0.85%","12,46,596","industrials","steel - large","midcap",""
664,"SBI Gold ETS","SETFGOLD","128.43","0.85%","48,55,940","indices","indices","smallcap",""
665,"Mahindra EPC Irrigation Ltd","MAHEPC","99.02","0.85%","23,032","plastic products","plastics products","smallcap",""
666,"Centrum Capital Ltd","CENTRUM","21.24","0.85%","4,03,133","financials","finance & investments","smallcap",""
667,"Torrent Power Limited","TORNTPOWER","1,254.6","0.84%","1,20,680","power & utilities","power generation and supply","largecap",""
668,"E2E Networks Ltd","E2E","652.15","0.84%","4,67,742","i.t","computers - software - medium / small","midcap",""
669,"Tgb Banquets And Hotels Limited","TGBHOTELS","9.58","0.84%","14,339","services","hotels","smallcap",""
670,"Gujarat Narmada Valley Fertilizers And Chemicals Limited","GNFC","630.3","0.83%","17,34,397","chemicals","chemicals","midcap",""
671,"Mahindra Lifespace Developers Limited","MAHLIFE","356.85","0.83%","1,55,801","realty","construction","midcap",""
672,"Laxmi Goldorna House Ltd","LGHL","182.99","0.83%","27,844","consumer discretionary","diamond cutting / jewellery","smallcap",""
673,"Groww Nifty EV & New Age Automotive ETF","GROWWEV","31.43","0.83%","4,83,550","indices","indices","smallcap",""
674,"ICICI Prudential Nifty Auto ETF","AUTOIETF","27.93","0.83%","4,29,047","indices","indices","smallcap",""
675,"DSP Gold ETF","GOLDADD","14.62","0.83%","1,13,57,073","indices","indices","smallcap",""
676,"Varun Beverages Limited","VBL","434.8","0.82%","53,65,431","fmcg","food - processing - indian","largecap",""
677,"Balkrishna Industries Limited","BALKRISIND","2,185.3","0.81%","1,14,990","auto","tyres","largecap",""
678,"Senores Pharmaceuticals Ltd","SENORES","1,355.2","0.81%","2,80,996","healthcare","pharmaceuticals - indian - formulations","midcap",""
679,"Religare Enterprises Limited","RELIGARE","242.27","0.81%","4,22,871","financials","finance & investments","midcap",""
680,"Nippon India ETF Gold Bees","GOLDBEES","124.43","0.81%","1,37,01,949","indices","indices","smallcap",""
681,"TVS Holdings Ltd","TVSHLTD","12,601","0.8%","2,997","financials","finance & investments","largecap",""
682,"Kei Industries Limited","KEI","4,673.5","0.8%","1,40,880","industrials","cables - power","largecap",""
683,"Windlas Biotech Ltd","WINDLAS","1,102.55","0.8%","41,768","healthcare","pharmaceuticals - indian - formulations","smallcap",""
684,"Gpt Infraprojects Limited","GPTINFRA","114.43","0.8%","1,24,954","realty","construction","smallcap",""
685,"Network People Services Technologies Ltd","NPST","1,796.3","0.79%","39,440","i.t","computers - software - medium / small","smallcap",""
686,"Pg Electroplast Limited","PGEL","518.5","0.79%","4,83,547","consumer discretionary","electronics - components","midcap",""
687,"Chamanlal Setia Exports Ltd","CLSEL","294.7","0.79%","21,698","fmcg","food - processing - indian","smallcap",""
688,"Gujarat Ambuja Exports Limited","GAEL","163.87","0.79%","5,46,758","fmcg","miscellaneous","midcap",""
689,"Vibhor Steel Tubes Ltd","VSTL","113.76","0.79%","3,529","metals & mining","steel - medium / small","smallcap",""
690,"India Motor Parts And Accessories Limited","IMPAL","1,064.2","0.78%","1,471","auto","auto ancillaries","smallcap",""
691,"HDFC Life Insurance Company Ltd","HDFCLIFE","531","0.78%","42,85,606","financials","finance & investments","largecap",""
692,"Capital Small Finance Bank Ltd","CAPITALSFB","282.75","0.78%","15,817","bank","banks - private sector","smallcap",""
693,"D.b.corp Limited","DBCORP","181.71","0.78%","40,295","media","entertainment / electronic media software","smallcap",""
694,"Ucal Ltd","UCAL","142.56","0.78%","4,127","auto","auto ancillaries","smallcap",""
695,"Aarvi Encon Ltd","AARVI","136.91","0.78%","7,911","miscellaneous","miscellaneous","smallcap",""
696,"HDFC Gold ETF","HDFCGOLD","128.63","0.78%","87,19,548","indices","indices","smallcap",""
697,"Grasim Industries Limited","GRASIM","3,191","0.77%","7,73,413","textiles","textiles - manmade","largecap",""
698,"Ind-swift Laboratories Limited","INDSWFTLAB","404.35","0.77%","4,41,614","healthcare","pharmaceuticals - indian - bulk drugs & formln","smallcap",""
699,"Prince Pipes & Fittings Ltd","PRINCEPIPE","261.8","0.77%","78,264","plastic products","plastics products","smallcap",""
700,"Shree Cements Limited","SHREECEM","22,520","0.76%","10,112","building materials","cement - north india","largecap",""
701,"Jubilant Pharmova Ltd","JUBLPHARMA","1,071.95","0.76%","1,56,277","healthcare","pharmaceuticals - indian - bulk drugs","midcap",""
702,"Mindteck (india) Limited","MINDTECK","156.55","0.76%","10,484","i.t","computers - software - medium / small","smallcap",""
703,"Rajshree Sugars & Chemicals Limited","RAJSREESUG","31.81","0.76%","6,44,442","fmcg","sugar","smallcap",""
704,"Thejo Engineering Ltd","THEJO","2,185","0.75%","4,584","industrials","engineering","smallcap",""
705,"Diffusion Engineers Ltd","DIFFNKG","430.45","0.75%","64,101","industrials","electrodes - welding equipment","smallcap",""
706,"Life Insurance Corporation of India Ltd","LICI","409.05","0.75%","1,15,94,970","financials","finance & investments","largecap",""
707,"Motilal Oswal Gold ETF","MOGOLD","148.7","0.75%","8,891","indices","indices","smallcap",""
708,"Union Gold ETF","UNIONGOLD","147.55","0.75%","478","indices","indices","smallcap",""
709,"Kohinoor Foods Limited","KOHINOOR","31.05","0.75%","90,283","fmcg","food - processing - indian","smallcap",""
710,"Shree Tirupati Balajee Agro Trading Co. Ltd","BALAJEE","25.57","0.75%","21,064","industrials","packaging","smallcap",""
711,"Thangamayil Jewellery Limited","THANGAMAYL","5,134.5","0.74%","33,970","consumer discretionary","diamond cutting / jewellery","midcap",""
712,"Graphite India Limited","GRAPHITE","820.7","0.74%","13,51,331","industrials","electrodes - graphites","midcap",""
713,"Iti Limited","ITI","252.9","0.74%","96,575","aerospace & defence","telecommunications - equipment","largecap",""
714,"Edelweiss Gold ETF","EGOLD","150.4","0.74%","1,95,047","indices","indices","smallcap",""
715,"Asian Hotels (east) Limited","AHLEAST","137.42","0.74%","3,103","services","hotels","smallcap",""
716,"Om Infra Ltd","OMINFRAL","79.03","0.74%","35,345","realty","engineering - turnkey services","smallcap",""
717,"Onmobile Global Limited","ONMOBILE","52.81","0.74%","26,131","telecom-service","telecommunications - service provider","smallcap",""
718,"Dcw Limited","DCW","48.72","0.74%","13,96,410","energy","petrochemicals","smallcap",""
719,"Prime Securities Limited","PRIMESECU","301.9","0.73%","39,045","financials","finance & investments","smallcap",""
720,"Omaxe Limited","OMAXE","118.53","0.73%","8,22,641","realty","construction","smallcap",""
721,"Eldeco Housing & Industries Ltd","ELDEHSG","765.5","0.72%","348","realty","construction","smallcap",""
722,"Innovana Thinklabs Ltd","INNOVANA","301","0.72%","42,530","i.t","computers - software - medium / small","smallcap",""
723,"BCL Industries Ltd","BCLIND","33.72","0.72%","7,86,893","fmcg","breweries & distilleries","smallcap",""
724,"Zerodha Gold ETF","GOLDCASE","23.67","0.72%","50,79,230","indices","indices","smallcap",""
725,"Peninsula Land Limited","PENINLAND","16.7","0.72%","1,32,272","realty","construction","smallcap",""
726,"Honeywell Automation India Limited","HONAUT","33,865","0.71%","1,266","consumer discretionary","electronics - components","largecap",""
727,"Amber Enterprises India Ltd","AMBER","6,960","0.71%","99,885","consumer discretionary","air-conditioners","largecap",""
728,"Welspun Enterprises Limited","WELENT","754.5","0.71%","2,83,394","realty","construction","midcap",""
729,"Arvind Fashions Ltd","ARVINDFASN","417.2","0.71%","2,53,117","services","trading","midcap",""
730,"L&T Finance Ltd","LTF","284","0.71%","61,84,736","financials","finance & investments","largecap",""
731,"Dam Capital Advisors Ltd","DAMCAPITAL","138.18","0.71%","1,77,289","financials","finance & investments","smallcap",""
732,"Motilal Oswal Midcap 100 ETF","MOM100","66.36","0.71%","5,01,249","indices","indices","smallcap",""
733,"Aro Granite Industries Limited","AROGRANITE","24.14","0.71%","2,286","consumer discretionary","miscellaneous","smallcap",""
734,"Take Solutions Limited","TAKE","15.51","0.71%","1,44,138","healthcare","miscellaneous","smallcap",""
735,"Steel Strips Wheels Limited","SSWL","378.75","0.7%","16,50,357","auto","auto ancillaries","midcap",""
736,"Renaissance Global Ltd","RGL","167.47","0.7%","4,71,415","consumer discretionary","diamond cutting / jewellery","smallcap",""
737,"Mirae Asset Gold ETF","GOLDETF","146.34","0.7%","5,20,173","indices","indices","smallcap",""
738,"Aditya Birla Sun Life Gold ETF","BSLGOLDETF","132.4","0.7%","19,31,415","indices","indices","smallcap",""
739,"Alldigi Tech Ltd","ALLDIGI","776.95","0.69%","2,008","i.t","computers - software - medium / small","smallcap",""
740,"RHI Magnesita India Ltd","RHIM","386.45","0.69%","2,81,131","building materials","refractories / intermediates","midcap",""
741,"Keystone Realtors Ltd","RUSTOMJEE","366.5","0.69%","5,37,143","realty","construction","smallcap",""
742,"Kakatiya Cement Sugar & Industries Limited","KAKATCEM","106.72","0.69%","1,484","building materials","cement - south india","smallcap",""
743,"Tata Gold Exchange Traded Fund","TATAGOLD","14.62","0.69%","3,77,75,952","indices","indices","smallcap",""
744,"Vardhman Polytex Limited","VARDMNPOLY","5.85","0.69%","88,139","textiles","textiles - cotton/blended","smallcap",""
745,"Dixon Technologies Ltd","DIXON","13,390","0.68%","2,76,046","consumer discretionary","electronics - consumer","largecap",""
746,"Gland Pharma Ltd","GLAND","2,917.2","0.68%","1,24,312","healthcare","pharmaceuticals - indian - formulations","largecap",""
747,"Motilal Oswal Financial Services Limited","MOTILALOFS","1,029","0.68%","8,66,039","financials","finance & investments","largecap",""
748,"Kansai Nerolac Paints Limited","KANSAINER","180.63","0.68%","1,53,445","building materials","paints / varnishes","midcap",""
749,"UTI - Gold Exchange Traded Fund","GOLDBETA","126.65","0.68%","4,49,086","indices","indices","smallcap",""
750,"Asian Granito India Limited","ASIANTILES","50.69","0.68%","7,88,714","building materials","ceramics - tiles / sanitaryware","smallcap",""
751,"Groww Gold ETF","GROWWGOLD","14.7","0.68%","8,43,288","indices","indices","smallcap",""
752,"Indowind Energy Limited","INDOWIND","8.88","0.68%","81,711","power & utilities","power generation and supply","smallcap",""
753,"Astron Paper & Board Mill Ltd","ASTRON","2.97","0.68%","10,627","building materials","paper","smallcap",""
754,"CARE Ratings Ltd","CARERATING","1,627.6","0.67%","14,444","financials","miscellaneous","smallcap",""
755,"Brainbees Solutions Ltd","FIRSTCRY","180.83","0.67%","34,72,092","consumer discretionary","trading","midcap",""
756,"Servotech Power Systems Ltd","SERVOTECH","70.76","0.67%","3,79,256","industrials","electric equipment","smallcap",""
757,"Onelife Capital Advisors Limited","ONELIFECAP","36.05","0.67%","1,25,272","financials","finance & investments","smallcap",""
758,"Uco Bank Ltd","UCOBANK","23.9","0.67%","26,15,016","bank","banks - public sector","largecap",""
759,"NIFTY50TR2XLEV","NIFTY50TR2XLEV","16,667.15","0.66%","0","indices","indices","smallcap",""
760,"NIFTY50PR2XLEV","NIFTY50PR2XLEV","10,931.95","0.66%","0","indices","indices","smallcap",""
761,"Axis Nifty ETF","AXISNIFTY","266.64","0.66%","53,730","indices","indices","smallcap",""
762,"AVG Logistics Ltd","AVG","164.06","0.66%","13,101","transportation","miscellaneous","smallcap",""
763,"Mmtc Limited","MMTC","58.35","0.66%","9,61,605","services","trading","midcap",""
764,"Bajaj Auto Limited","BAJAJ-AUTO","11,281","0.65%","1,21,620","auto","automobiles - scooters and 3 - wheelers","largecap",""
765,"Galaxy Surfactants Ltd","GALAXYSURF","2,261.3","0.65%","53,147","chemicals","chemicals","midcap",""
766,"Sakar Healthcare Ltd","SAKAR","1,135.85","0.65%","99,278","healthcare","pharmaceuticals - indian - bulk drugs & formln","smallcap",""
767,"Nucleus Software Exports Limited","NUCLEUS","679.55","0.65%","20,296","i.t","computers - software - medium / small","smallcap",""
768,"Bf Investment Limited","BFINVEST","442.4","0.65%","14,882","financials","finance & investments","smallcap",""
769,"Anik Industries Limited","ANIKINDS","43.28","0.65%","3,918","services","trading","smallcap",""
770,"Lumax Industries Limited","LUMAXIND","5,769","0.64%","4,537","auto","auto ancillaries","midcap",""
771,"Ramky Infrastructure Limited","RAMKY","312.15","0.64%","23,356","realty","construction","smallcap",""
772,"Paradeep Phosphates Ltd","PARADEEP","155.49","0.64%","14,65,807","chemicals","fertilizers","midcap",""
773,"Cybertech Systems And Software Limited","CYBERTECH","137.88","0.64%","12,819","i.t","computers - software - medium / small","smallcap",""
774,"Ishan Dyes and chemicals Ltd","ISHANCH","50.22","0.64%","33,410","chemicals","dyes and pigments","smallcap",""
775,"Maruti Suzuki India Limited","MARUTI","12,065","0.63%","2,83,642","auto","automobiles - passenger cars","largecap",""
776,"NIFTY50ADD","NIFTY50ADD","272.47","0.63%","83,770","n/a","indices","smallcap",""
777,"Seshasayee Paper And Boards Limited","SESHAPAPER","246.27","0.63%","34,098","building materials","paper","smallcap",""
778,"Nbcc (india) Limited","NBCC","82.86","0.63%","38,65,127","miscellaneous","miscellaneous","largecap",""
779,"Balkrishna Paper Mills Limited","BALKRISHNA","16","0.63%","3,471","services","trading","smallcap",""
780,"Shah Metacorp Ltd","SHAH","3.22","0.63%","16,40,107","metals & mining","steel - medium / small","smallcap",""
781,"GMR Airports Ltd","GMRAIRPORT","97.95","0.62%","1,01,08,888","miscellaneous","miscellaneous","largecap",""
782,"SMC Global Securities Ltd","SMCGLOBAL","85.6","0.62%","8,92,402","financials","finance & investments","smallcap",""
783,"LIC MF Nifty Midcap 100 ETF","LICNMID100","61.67","0.62%","2,811","indices","indices","smallcap",""
784,"XT Global Infotech Ltd","XTGLOBAL","29.44","0.62%","20,689","i.t","computers - software - medium / small","smallcap",""
785,"Shilpa Medicare Limited","SHILPAMED","1,013.45","0.61%","6,04,526","healthcare","pharmaceuticals - indian - formulations","midcap",""
786,"Kamat Hotels (i) Limited","KAMATHOTEL","237.13","0.61%","39,082","services","hotels","smallcap",""
787,"Lodha Developers Ltd","LODHA","1,165","0.6%","8,18,279","realty","construction","largecap",""
788,"Jindal Steel Ltd","JINDALSTEL","1,164.8","0.6%","4,23,334","metals & mining","steel - large","largecap",""
789,"Havells India Limited","HAVELLS","1,096.5","0.6%","3,08,307","consumer discretionary","electric equipment","largecap",""
790,"Century Enka Limited","CENTENKA","570.95","0.6%","19,070","textiles","textiles - manmade","smallcap",""
791,"Bajel Projects Ltd","BAJEL","173.14","0.6%","76,580","realty","engineering - turnkey services","smallcap",""
792,"Arkade Developers Ltd","ARKADE","125.48","0.6%","1,02,310","realty","construction","smallcap",""
793,"Vaswani Industries Limited","VASWANI","45.35","0.6%","21,654","metals & mining","steel - sponge iron","smallcap",""
794,"Laxmi Cotspin Ltd","LAXMICOT","13.31","0.6%","5,195","textiles","textiles - cotton/blended","smallcap",""
795,"DCM Financial Services Ltd","DCMFINSERV","5.02","0.6%","4,208","financials","finance & investments","smallcap",""
796,"Oriental Trimex Limited","ORIENTALTL","4.99","0.6%","34,099","services","trading","smallcap",""
797,"Sakuma Exports Limited","SAKUMA","1.67","0.6%","11,69,361","services","trading","smallcap",""
798,"Lux Industries Limited","LUXIND","1,174.7","0.59%","50,486","textiles","textiles - composite","smallcap",""
799,"Wonder Electricals Ltd","WEL","74.62","0.59%","4,39,933","consumer discretionary","electric equipment","smallcap",""
800,"Edelweiss Nifty Bank ETF","EBANKNIFTY","56.22","0.59%","11,066","indices","indices","smallcap",""
801,"Jain Irrigation Systems Limited","JISLJALEQS","28.75","0.59%","14,16,429","plastic products","plastics products","smallcap",""
802,"Mt Educare Limited","MTEDUCARE","1.7","0.59%","7,597","services","miscellaneous","smallcap",""
803,"Sagar Cements Limited","SAGCEM","152.64","0.58%","8,476","building materials","cement - south india","smallcap",""
804,"Jocil Limited","JOCIL","147.6","0.58%","1,945","chemicals","chemicals","smallcap",""
805,"Motilal Oswal Nifty Realty ETF","MOREALTY","87.07","0.58%","2,70,062","indices","indices","smallcap",""
806,"Andhra Paper Ltd","ANDHRAPAP","74.05","0.58%","4,41,096","building materials","paper","smallcap",""
807,"Adani Enterprises Limited","ADANIENT","2,916.5","0.57%","5,70,504","services","trading","largecap",""
808,"TBO Tek Ltd","TBOTEK","1,696.9","0.57%","52,783","i.t","travel agencies","midcap",""
809,"Godrej Industries Limited","GODREJIND","1,105.3","0.57%","2,62,360","chemicals","chemicals","largecap",""
810,"Aarti Pharmalabs Ltd","AARTIPHARM","939.55","0.57%","6,75,198","healthcare","pharmaceuticals - indian - bulk drugs & formln","midcap",""
811,"Godrej Consumer Products Limited","GODREJCP","880","0.57%","2,88,234","fmcg","personal care - indian","largecap",""
812,"Himadri Speciality Chemical Limited","HSCL","678.75","0.57%","13,51,330","chemicals","chemicals","largecap",""
813,"Diamines & Chemicals Ltd","DIAMINESQ","248.25","0.57%","5,139","chemicals","chemicals","smallcap",""
814,"Gulshan Polyols Limited","GULPOLY","170.36","0.57%","80,764","n/a","indices","smallcap",""
815,"ICICI Prudential FMCG ETF","FMCGIETF","49.48","0.57%","7,20,342","indices","indices","smallcap",""
816,"Mangalam Drugs And Organics Limited","MANGALAM","31.83","0.57%","23,815","healthcare","pharmaceuticals - indian - bulk drugs & formln","smallcap",""
817,"Gtl Limited","GTL","7.03","0.57%","78,314","telecom-service","telecommunications - service provider","smallcap",""
818,"CNXNIFTYJUNIOR","CNXNIFTYJUNIOR","71,778.65","0.56%","0","indices","indices","smallcap",""
819,"NIFTYFINSERVICE","NIFTYFINSERVICE","25,094.85","0.56%","0","indices","indices","smallcap",""
820,"Grp Limited","GRPLTD","1,999","0.56%","456","fmcg","miscellaneous","smallcap",""
821,"Reliance Industries Limited","RELIANCE","1,226","0.56%","1,31,38,735","energy","refineries","largecap",""
822,"Sundram Fasteners Limited","SUNDRMFAST","1,178.9","0.56%","66,426","auto","auto ancillaries","largecap",""
823,"Rbl Bank Limited","RBLBANK","415.05","0.56%","34,19,454","bank","banks - private sector","largecap",""
824,"Precision Camshafts Limited","PRECAM","120.66","0.56%","77,805","auto","auto ancillaries","smallcap",""
825,"Andrew Yule & Company Ltd","ANDREWYU","27","0.56%","67,783","miscellaneous","diversified - medium / small","smallcap",""
826,"NIFTYCONSUMPTION","NIFTYCONSUMPTION","11,415.4","0.55%","0","indices","indices","smallcap",""
827,"Black Box Ltd","BBOX","799.75","0.55%","8,14,657","i.t","computers - software - medium / small","midcap",""
828,"Mm Forgings Limited","MMFL","616.15","0.55%","47,442","castings, forgings & fasteners","castings & forgings","smallcap",""
829,"Hinduja Global Solutions Limited","HGS","376.6","0.55%","11,018","i.t","computers - software - medium / small","smallcap",""
830,"Vaibhav Global Limited","VAIBHAVGBL","206.38","0.55%","1,82,205","consumer discretionary","diamond cutting / jewellery","smallcap",""
831,"Vardhman Acrylics Limited","VARDHACRLC","44.19","0.55%","24,684","textiles","textiles - manmade","smallcap",""
832,"Digicontent Ltd","DGCONTENT","23.9","0.55%","13,399","media","entertainment / electronic media software","smallcap",""
833,"Hindustan Aeronautics Ltd","HAL","4,800","0.54%","3,84,467","aerospace & defence","engineering","largecap",""
834,"Avalon Technologies Ltd","AVALON","2,328.5","0.54%","5,34,906","consumer discretionary","electronics - components","midcap",""
835,"Prataap Snacks Ltd","DIAMONDYD","1,071","0.54%","3,449","fmcg","food - processing - indian","smallcap",""
836,"SignatureGlobal India Ltd","SIGNATURE","788.85","0.54%","3,26,668","realty","construction","midcap",""
837,"Apollo Tyres Limited","APOLLOTYRE","400.1","0.54%","3,16,665","auto","tyres","largecap",""
838,"Steel Authority Of India Limited","SAIL","185","0.54%","96,81,139","metals & mining","steel - large","largecap",""
839,"Kridhan Infra Limited","KRIDHANINF","1.86","0.54%","58,123","services","trading","smallcap",""
840,"Data Patterns (India) Ltd","DATAPATTNS","4,418.8","0.53%","2,33,402","aerospace & defence","electronics - components","largecap",""
841,"Nahar Poly Films Limited","NAHARPOLY","227.68","0.53%","1,599","industrials","packaging","smallcap",""
842,"ICICI Prudential Nifty Metal ETF","METALIETF","13.18","0.53%","26,98,251","indices","indices","smallcap",""
843,"Page Industries Limited","PAGEIND","37,695","0.52%","15,467","readymade garments/apparels","textiles - products","largecap",""
844,"Waaree Energies Ltd","WAAREEENER","2,495","0.52%","6,16,888","industrials","electric equipment","largecap",""
845,"Arihant Foundations & Housing Limited","ARIHANT","895","0.52%","592","realty","construction","smallcap",""
846,"Gujarat Apollo Industries Limited","GUJAPOLLO","329.1","0.52%","3,626","industrials","engineering","smallcap",""
847,"Cochin Shipyard Ltd","COCHINSHIP","1,377","0.51%","4,21,803","aerospace & defence","miscellaneous","largecap",""
848,"Empyrean Cashews Ltd","KRISHIVAL","413.4","0.51%","11,444","fmcg","food - processing - indian","smallcap",""
849,"Nazara Technologies Ltd","NAZARA","376.45","0.51%","23,96,562","i.t","telecommunications - service provider","midcap",""
850,"Rain Industries Limited","RAIN","219.35","0.51%","32,44,552","miscellaneous","miscellaneous","midcap",""
851,"Affordable Robotic & Automation Ltd","AFFORDABLE","178.25","0.51%","27,345","industrials","engineering","smallcap",""
852,"Jm Financial Limited","JMFINANCIL","127.68","0.51%","16,81,050","financials","finance & investments","midcap",""
853,"Donear Industries Limited","DONEAR","82.64","0.51%","16,214","textiles","textiles - processing","smallcap",""
854,"R M Drip & Sprinklers Systems Ltd","RMDRIP","23.62","0.51%","2,33,249","plastic products","plastics products","smallcap",""
855,"Sambhaav Media Limited","SAMBHAAV","5.92","0.51%","82,882","media","entertainment / electronic media software","smallcap",""
856,"Polycab India Ltd","POLYCAB","8,408.5","0.5%","2,96,612","industrials","cables - power","largecap",""
857,"Honda Siel Power Products Limited","HONDAPOWER","1,915.2","0.5%","1,948","industrials","electric equipment","smallcap",""
858,"OneSource Specialty Pharma Ltd","ONESOURCE","1,602.6","0.5%","2,27,395","healthcare","pharmaceuticals - indian - bulk drugs & formln","midcap",""
859,"Astral Ltd","ASTRAL","1,399","0.5%","3,58,868","plastic products","plastics products","largecap",""
860,"PSP Projects Ltd","PSPPROJECT","806.65","0.5%","46,119","realty","construction","smallcap",""
861,"M K Proteins Ltd","MKPL","4.03","0.5%","33,897","n/a","indices","smallcap",""
862,"Hindustan Unilever Limited","HINDUNILVR","1,942.9","0.49%","7,32,074","fmcg","personal care - multinational","largecap",""
863,"Bajaj Finserv Limited","BAJAJFINSV","1,771","0.49%","14,19,352","financials","finance & investments","largecap",""
864,"Poly Medicure Limited","POLYMED","1,724.4","0.49%","52,539","healthcare","healthcare","midcap",""
865,"KPIT Technologies Ltd","KPITTECH","519.4","0.49%","12,44,484","i.t","computers - software - medium / small","midcap",""
866,"DSP Nifty 50 Equal Weight ETF","EQUAL50ADD","332.75","0.49%","16,598","indices","indices","smallcap",""
867,"Rail Vikas Nigam Ltd","RVNL","207","0.49%","24,05,229","realty","construction","largecap",""
868,"Shriram Properties Ltd","SHRIRAMPPS","71.2","0.49%","1,68,887","realty","construction","smallcap",""
869,"Shree Digvijay Cement Co. Ltd","SHREDIGCEM","67.85","0.49%","42,025","building materials","cement - north india","smallcap",""
870,"The Orissa Minerals Development Company Limited","ORISSAMINE","3,734.7","0.48%","4,027","metals & mining","mining / minerals / metals","smallcap",""
871,"Ideaforge Technology Ltd","IDEAFORGE","729.85","0.48%","1,35,969","aerospace & defence","engineering","smallcap",""
872,"Ahluwalia Contracts (india) Limited","AHLUCONT","585.55","0.48%","29,866","realty","construction","smallcap",""
873,"Salzer Electronics Limited","SALZERELEC","541.25","0.48%","21,706","industrials","electric equipment","smallcap",""
874,"D-link (india) Limited","DLINKINDIA","420.9","0.48%","30,140","i.t","trading","smallcap",""
875,"CIE Automotive India Ltd","CIEINDIA","390.8","0.48%","1,91,799","castings, forgings & fasteners","castings & forgings","midcap",""
876,"Iol Chemicals And Pharmaceuticals Limited","IOLCP","204.19","0.48%","24,55,948","healthcare","pharmaceuticals - indian - bulk drugs & formln","midcap",""
877,"Pyramid Technoplast Ltd","PYRAMID","162.29","0.48%","29,578","industrials","packaging","smallcap",""
878,"Zim Laboratories Ltd","ZIMLAB","138.48","0.48%","1,79,885","healthcare","pharmaceuticals - indian - bulk drugs & formln","smallcap",""
879,"Mirae Asset Nifty EV and New Age Automotive ETF","EVINDIA","31.5","0.48%","82,558","indices","indices","smallcap",""
880,"CNXMNC","CNXMNC","31,347.1","0.47%","0","indices","indices","smallcap",""
881,"Ccl Products (india) Limited","CCL","1,044.4","0.47%","2,68,782","fmcg","tea","midcap",""
882,"Nippon India Nifty Auto ETF","AUTOBEES","278.51","0.47%","1,80,697","indices","indices","smallcap",""
883,"NIFTYINDIAMFG","NIFTYINDIAMFG","15,881.9","0.46%","0","indices","indices","smallcap",""
884,"NIFTY50VALUE30","NIFTY50VALUE30","5,443.15","0.46%","0","indices","indices","smallcap",""
885,"Larsen & Toubro Limited","LT","3,876.2","0.46%","12,30,579","realty","engineering - turnkey services","largecap",""
886,"Bharat Forge Limited","BHARATFORG","2,008","0.46%","5,49,393","castings, forgings & fasteners","castings & forgings","largecap",""
887,"Eclerx Services Limited","ECLERX","1,898.8","0.46%","1,21,985","i.t","computers - software - medium / small","midcap",""
888,"State Bank Of India Ltd","SBIN","983","0.46%","37,59,097","bank","banks - public sector","largecap",""
889,"Rategain Travel Technologies Ltd","RATEGAIN","827.75","0.46%","1,19,666","i.t","computers - software - medium / small","midcap",""
890,"Bharat Petroleum Corporation Limited","BPCL","308.5","0.46%","18,93,466","energy","refineries","largecap",""
891,"Iris Clothings Ltd","IRISDOREME","66.15","0.46%","6,66,872","readymade garments/apparels","textiles - products","smallcap",""
892,"HLV Ltd","HLVLTD","6.53","0.46%","86,809","services","hotels","smallcap",""
893,"NIFTYPVTBANK","NIFTYPVTBANK","26,883.2","0.45%","0","indices","indices","smallcap",""
894,"Basf India Limited","BASF","3,539.8","0.45%","7,887","chemicals","chemicals","midcap",""
895,"Avanti Feeds Limited","AVANTIFEED","753.15","0.45%","2,77,971","fmcg","food - processing - indian","midcap",""
896,"Bata India Limited","BATAINDIA","629.8","0.45%","95,375","consumer discretionary","leather / leather products","midcap",""
897,"Bajaj Finserv Nifty 50 ETF","NIFTYBETF","239.1","0.45%","1,388","indices","indices","smallcap",""
898,"Laxmi Organic Industries Ltd","LXCHEM","181.42","0.45%","6,17,908","chemicals","chemicals","midcap",""
899,"360 ONE Gold ETF","GOLD360","146.5","0.45%","8,107","indices","indices","smallcap",""
900,"Oswal Green Tech Ltd","OSWALGREEN","19.99","0.45%","54,062","realty","construction","smallcap",""
901,"NIFTYSMALLCAP50","NIFTYSMALLCAP50","9,883.45","0.44%","0","indices","indices","smallcap",""
902,"Mold-tek Technologies Limited","MOLDTECH","200.08","0.44%","23,826","realty","engineering - turnkey services","smallcap",""
903,"Navkar Corporation Limited","NAVKARCORP","88.21","0.44%","1,49,406","transportation","miscellaneous","smallcap",""
904,"Motilal Oswal Nifty Smallcap 250 ETF","MOSMALL250","18.33","0.44%","15,73,028","indices","indices","smallcap",""
905,"NIFTY200QUALITY30","NIFTY200QUALITY30","19,453.95","0.43%","0","indices","indices","smallcap",""
906,"NIFTYINDDEFENCE","NIFTYINDDEFENCE","9,401.65","0.43%","0","indices","indices","smallcap",""
907,"Voltas Limited","VOLTAS","1,118.2","0.43%","3,68,727","consumer discretionary","air-conditioners","largecap",""
908,"Triveni Turbine Limited","TRITURBINE","554.2","0.43%","2,38,357","industrials","electric equipment","midcap",""
909,"SBI - ETF Quality","SBIETFQLTY","212.19","0.43%","968","indices","indices","smallcap",""
910,"Nakoda Group of Industries Ltd","NGIL","39.5","0.43%","95,109","fmcg","food - processing - indian","smallcap",""
911,"NIFTY100EQLWGT","NIFTY100EQLWGT","33,776.85","0.42%","0","indices","indices","smallcap",""
912,"NIFTYMULTIMFG","NIFTYMULTIMFG","16,436.15","0.42%","0","indices","indices","smallcap",""
913,"NIFTY100ESG","NIFTY100ESG","4,803.2","0.42%","0","indices","indices","smallcap",""
914,"The Anup Engineering Ltd","ANUP","1,677.1","0.42%","15,001","industrials","engineering","smallcap",""
915,"Raymond Realty Ltd","RAYMONDREL","711.3","0.42%","86,88,746","realty","construction","smallcap",""
916,"Tvs Electronics Limited","TVSELECT","383.3","0.42%","17,581","i.t","computers - hardware","smallcap",""
917,"Union Bank Of India Ltd","UNIONBANK","180.2","0.42%","64,66,107","bank","banks - public sector","largecap",""
918,"One Point One Solutions Ltd","ONEPOINT","69.6","0.42%","56,44,105","i.t","computers - software - medium / small","smallcap",""
919,"Shriram Finance Ltd","SHRIRAMFIN","994.1","0.41%","27,00,614","financials","finance & investments","largecap",""
920,"Titagarh Rail Systems Ltd","TITAGARH","822.6","0.41%","2,77,001","industrials","engineering","midcap",""
921,"Allied Blenders & Distillers Ltd","ABDL","715.05","0.41%","40,70,753","fmcg","breweries & distilleries","midcap",""
922,"Gufic Biosciences Limited","GUFICBIO","423.75","0.41%","31,206","healthcare","pharmaceuticals - indian - bulk drugs & formln","smallcap",""
923,"Ceigall India Ltd","CEIGALL","384.1","0.41%","2,03,979","realty","construction","midcap",""
924,"Motilal Oswal NASDAQ 100 ETF","MON100","324.11","0.41%","5,08,774","indices","indices","smallcap",""
925,"Bank Of Baroda Ltd","BANKBARODA","235.26","0.41%","24,93,756","bank","banks - public sector","largecap",""
926,"Moschip Technologies Ltd","MOSCHIP","204.07","0.41%","7,50,714","i.t","computers - hardware","smallcap",""
927,"Ruchira Papers Limited","RUCHIRA","104.96","0.41%","24,880","building materials","paper","smallcap",""
928,"NIFTYFMCG","NIFTYFMCG","45,941.3","0.4%","0","indices","indices","smallcap",""
929,"Fine Organic Industries Ltd","FINEORG","5,083","0.4%","6,621","chemicals","chemicals","midcap",""
930,"NIFTY100ESGSECLDR","NIFTY100ESGSECLDR","3,874.75","0.4%","0","indices","indices","smallcap",""
931,"RACL Geartech Ltd","RACLGEAR","1,686.5","0.4%","24,872","auto","auto ancillaries","smallcap",""
932,"Uflex Limited","UFLEX","664.2","0.4%","77,164","industrials","packaging","smallcap",""
933,"Bharat Electronics Limited","BEL","393.55","0.4%","60,83,441","aerospace & defence","electronics - components","largecap",""
934,"K.P. Energy Ltd","KPEL","222.43","0.4%","2,84,030","realty","engineering - turnkey services","smallcap",""
935,"Advani Hotels & Resorts (india) Limited","ADVANIHOTR","47.94","0.4%","14,028","services","hotels","smallcap",""
936,"Balaxi Pharmaceuticals Ltd","BALAXI","22.82","0.4%","11,304","healthcare","pharmaceuticals - indian - bulk drugs & formln","smallcap",""
937,"Kritika Wires Ltd","KRITIKA","5.04","0.4%","88,017","metals & mining","steel - medium / small","smallcap",""
938,"NGL Fine Chem Ltd","NGLFINE","2,906.1","0.39%","6,224","healthcare","pharmaceuticals - indian - bulk drugs","smallcap",""
939,"Kec International Limited","KEC","396.95","0.39%","5,28,148","realty","transmisson line towers / equipment","midcap",""
940,"Mirae Asset Nifty India Manufacturing ETF","MAKEINDIA","161.55","0.39%","11,860","indices","indices","smallcap",""
941,"Avantel Ltd","AVANTEL","155.94","0.39%","18,50,814","aerospace & defence","telecommunications - equipment","smallcap",""
942,"Birla Sun Life Sensex ETF","BSLSENETFG","74.71","0.39%","4,921","indices","indices","smallcap",""
943,"NIFTYSML250MQ100","NIFTYSML250MQ100","48,654.65","0.38%","0","indices","indices","smallcap",""
944,"NIFTY100","NIFTY100","24,307.55","0.38%","0","indices","indices","smallcap",""
945,"Indiamart Intermesh Ltd","INDIAMART","1,642.1","0.38%","31,410","i.t","miscellaneous","midcap",""
946,"Nippon India ETF Junior BeES","JUNIORBEES","776.69","0.38%","3,43,338","indices","indices","smallcap",""
947,"ICICI Prudential Nifty Infrastructure ETF","INFRAIETF","92.43","0.38%","39,834","n/a","indices","smallcap",""
948,"Sindhu Trade Links Ltd","SINDHUTRAD","23.75","0.38%","3,45,032","transportation","miscellaneous","smallcap",""
949,"Crisil Limited","CRISIL","4,520","0.37%","36,310","financials","miscellaneous","largecap",""
950,"ZF Commercial Vehicle Control System India Ltd","ZFCVINDIA","2,354.2","0.37%","34,703","auto","auto ancillaries","largecap",""
951,"MSTC Ltd","MSTCLTD","740.8","0.37%","4,18,504","i.t","trading","midcap",""
952,"ASK Automotive Ltd","ASKAUTOLTD","645.15","0.37%","1,33,775","auto","auto ancillaries","midcap",""
953,"JSW Infrastructure Ltd","JSWINFRA","362.05","0.37%","39,20,526","transportation","miscellaneous","largecap",""
954,"Itc Limited","ITC","269","0.37%","62,40,148","fmcg","cigarettes","largecap",""
955,"CMS Info Systems Ltd","CMSINFO","233.17","0.37%","5,04,573","miscellaneous","miscellaneous","smallcap",""
956,"Natural Capsules Ltd","NATCAPSUQ","169.52","0.37%","528","healthcare","pharmaceuticals - indian - bulk drugs & formln","smallcap",""
957,"Oriental Hotels Limited","ORIENTHOT","140.93","0.37%","3,82,049","services","hotels","smallcap",""
958,"Mirae Asset Nifty Smallcap 250 Momen.Quali. 100ETF","SMALLCAP","48.69","0.37%","6,07,893","indices","indices","smallcap",""
959,"NIFTYGROWSECT15","NIFTYGROWSECT15","10,829.3","0.36%","0","indices","indices","smallcap",""
960,"Mirae Asset Nifty Next 50 ETF","NEXT50","741.58","0.36%","61,149","indices","indices","smallcap",""
961,"Taj Gvk Hotels & Resorts Limited","TAJGVK","324.35","0.36%","28,904","services","hotels","smallcap",""
962,"La Opala Rg Limited","LAOPALA","160.78","0.36%","40,051","building materials","glass & glass products","smallcap",""
963,"MOMGF","MOMGF","159.97","0.36%","739","indices","indices","smallcap",""
964,"Khaitan Chemicals & Fertilizers Ltd","KHAICHEM","49.59","0.36%","75,324","chemicals","fertilizers","smallcap",""
965,"Abbott India Limited","ABBOTINDIA","26,955","0.35%","2,263","healthcare","pharmaceuticals - multinational","largecap",""
966,"NIFTYMETAL","NIFTYMETAL","13,087.15","0.35%","0","indices","indices","smallcap",""
967,"Dollar Industries Ltd","DOLLAR","270.45","0.35%","79,148","readymade garments/apparels","textiles - products","smallcap",""
968,"Dcb Bank Limited","DCBBANK","214.09","0.35%","9,51,797","bank","banks - private sector","midcap",""
969,"Zaggle Prepaid Ocean Services Ltd","ZAGGLE","178.84","0.35%","8,53,946","i.t","computers - software - medium / small","smallcap",""
970,"Ecos (India) Mobility & Hospitality Ltd","ECOSMOBLTY","108.42","0.35%","39,231","miscellaneous","miscellaneous","smallcap",""
971,"CPSE ETF*","CPSEETF","93.04","0.35%","4,35,641","indices","indices","smallcap",""
972,"Oswal Agro Mills Ltd","OSWALAGRO","34","0.35%","19,413","services","trading","smallcap",""
973,"NIFTY","NIFTY","23,140.5","0.34%","0","indices","indices","smallcap",""
974,"Muthoot Finance Limited","MUTHOOTFIN","2,835","0.34%","3,12,523","financials","finance & investments","largecap",""
975,"Ufo Moviez India Limited","UFO","59.73","0.34%","26,279","media","entertainment / electronic media software","smallcap",""
976,"Biofil Chemicals & Pharmaceuticals Ltd","BIOFILCHEM","32.44","0.34%","5,741","healthcare","trading","smallcap",""
977,"NIFTYFINSRV2550","NIFTYFINSRV2550","27,137.3","0.33%","0","indices","indices","smallcap",""
978,"NIFTY100LOWVOL30","NIFTY100LOWVOL30","19,257.7","0.33%","0","indices","indices","smallcap",""
979,"Huhtamaki India Ltd","HUHTAMAKI","243.25","0.33%","67,613","industrials","packaging","smallcap",""
980,"Hindustan Oil Exploration Company Limited","HINDOILEXP","173.38","0.33%","3,30,435","energy","oil drilling / allied services","smallcap",""
981,"Bharat 22 ETF","ICICIB22","112.4","0.33%","2,19,666","indices","indices","smallcap",""
982,"Aditya Birla Sun Life Nifty Next 50 ETF","ABSLNN50ET","75.51","0.33%","2,718","indices","indices","smallcap",""
983,"NIFTYALPHALOWVOL","NIFTYALPHALOWVOL","25,992.5","0.32%","0","indices","indices","smallcap",""
984,"Tech Mahindra Limited","TECHM","1,548","0.32%","9,39,846","i.t","computers - software - large","largecap",""
985,"Indostar Capital Finance Ltd","INDOSTAR","218.64","0.32%","67,323","financials","finance & investments","smallcap",""
986,"Nippon India ETF Nifty India Consumption","CONSUMBEES","127.51","0.32%","32,256","indices","indices","smallcap",""
987,"ICICI Prudential Nifty EV & New Age Automotive ETF","EVIETF","31.52","0.32%","74,778","indices","indices","smallcap",""
988,"Supreme Holdings & Hospitality Ltd","SUPREME","31.39","0.32%","4,143","realty","construction","smallcap",""
989,"Albert David Limited","ALBERTDAVD","873.8","0.31%","4,383","healthcare","pharmaceuticals - indian - bulk drugs & formln","smallcap",""
990,"Dolphin Offshore Enterprises (India) Ltd","DOLPHIN","687.45","0.31%","35,738","energy","oil drilling / allied services","smallcap",""
991,"Hindustan Zinc Limited","HINDZINC","588.95","0.31%","33,49,241","metals & mining","mining / minerals / metals","largecap",""
992,"Lic Housing Finance Limited","LICHSGFIN","566","0.31%","10,70,523","financials","finance - housing","largecap",""
993,"Ashiana Housing Limited","ASHIANA","389.7","0.31%","19,421","realty","construction","smallcap",""
994,"JITF Infra Logistics Ltd","JITFINFRA","279.15","0.31%","15,129","miscellaneous","miscellaneous","smallcap",""
995,"Bhagiradha Chemicals & Industries Ltd","BHAGCHEM","245.6","0.31%","65,273","chemicals","pesticides / agrochemicals - indian","smallcap",""
996,"Jullundur Motor Agency (delhi) Limited","JMA","88.19","0.31%","4,528","auto","auto ancillaries","smallcap",""
997,"U. Y. Fincorp Ltd","UYFINCORP","19.32","0.31%","75,222","financials","finance & investments","smallcap",""
998,"Ajooni Biotech Ltd","AJOONI","3.19","0.31%","1,40,058","fmcg","food - processing - indian","smallcap",""
999,"Jsw Steel Limited","JSWSTEEL","1,277","0.3%","10,32,391","metals & mining","steel - large","largecap",""
1000,"The Peria Karamalai Tea & Produce Company Limited","PKTEA","1,001.35","0.3%","1,313","fmcg","tea","smallcap",""
1001,"Vimta Labs Limited","VIMTALABS","599.3","0.3%","1,51,067","healthcare","miscellaneous","smallcap",""
1002,"Sil Investments Limited","SILINV","452.95","0.3%","1,923","financials","finance & investments","smallcap",""
1003,"PCBL Ltd","PCBL","339.6","0.3%","6,69,776","chemicals","chemicals","midcap",""
1004,"Spml Infra Limited","SPMLINFRA","165.86","0.3%","5,05,854","realty","engineering - turnkey services","smallcap",""
1005,"Motilal Oswal Nifty India Defence ETF","MODEFENCE","103.08","0.3%","8,82,029","indices","indices","smallcap",""
1006,"Sarla Performance Fibers Limited","SARLAPOLY","100.29","0.3%","42,794","textiles","textiles - spinning - synthetic / blended","smallcap",""
1007,"Mirae Asset Nifty Metal ETF","METAL","13.22","0.3%","16,01,435","indices","indices","smallcap",""
1008,"NIFTYMICROCAP250","NIFTYMICROCAP250","26,472.85","0.29%","0","indices","indices","smallcap",""
1009,"Eicher Motors Limited","EICHERMOT","7,360","0.29%","2,01,194","auto","automobiles - motorcycles / mopeds","largecap",""
1010,"Invesco India Nifty ETF","IVZINNIFTY","266.56","0.29%","163","indices","indices","smallcap",""
1011,"DCM Nouvelle Ltd","DCMNVL","179.15","0.29%","8,893","textiles","textiles - cotton/blended","smallcap",""
1012,"ICICI Prudential Nifty Next 50 ETF","NEXT50IETF","75.81","0.29%","13,60,948","indices","indices","smallcap",""
1013,"Baroda BNP Paribas Nifty Bank ETF","BBNPNBETF","56.03","0.29%","908","indices","indices","smallcap",""
1014,"Bpl Limited","BPL","44.98","0.29%","27,183","consumer discretionary","electronics - components","smallcap",""
1015,"NIFTYPSUBANK","NIFTYPSUBANK","8,294.5","0.28%","0","indices","indices","smallcap",""
1016,"Suprajit Engineering Limited","SUPRAJIT","488","0.28%","54,422","auto","auto ancillaries","midcap",""
1017,"Nahar Capital And Financial Services Limited","NAHARCAP","248.7","0.28%","331","financials","finance & investments","smallcap",""
1018,"HFCL Ltd","HFCL","211.27","0.28%","32,01,783","telecom","cables - telephone","largecap",""
1019,"Agri-tech (india) Limited","AGRITECH","96.03","0.28%","2,349","fmcg","miscellaneous","smallcap",""
1020,"Eastern Silk Industries Limited","EASTSILK","72","0.28%","4,345","textiles","textiles - silk","smallcap",""
1021,"NIFTY200","NIFTY200","13,494.2","0.27%","0","indices","indices","smallcap",""
1022,"Pi Industries Limited","PIIND","2,400","0.27%","4,46,431","chemicals","pesticides / agrochemicals - indian","largecap",""
1023,"Chennai Petroleum Corporation Limited","CHENNPETRO","1,376.4","0.27%","11,15,488","energy","refineries","largecap",""
1024,"Bharat Bond ETF - April 2033","EBBETF0433","1,304.87","0.27%","5,266","indices","indices","smallcap",""
1025,"Nippon India ETF Infra BeES","INFRABEES","929.45","0.27%","10,349","indices","indices","smallcap",""
1026,"Bluestone Jewellery and Lifestyle Ltd","BLUESTONE","809.3","0.27%","20,86,039","consumer discretionary","diamond cutting / jewellery","midcap",""
1027,"Mirae Asset Nifty Financial Services ETF - RG","BFSI","26.11","0.27%","2,27,600","indices","indices","smallcap",""
1028,"Yes Bank Limited","YESBANK","22.5","0.27%","3,04,26,808","bank","banks - private sector","largecap",""
1029,"Best Agrolife Ltd","BESTAGRO","18.24","0.27%","7,65,101","chemicals","pesticides / agrochemicals - indian","smallcap",""
1030,"Groww BSE Power ETF","GROWWPOWER","11.08","0.27%","8,95,236","indices","indices","smallcap",""
1031,"Alok Industries Ltd","ALOKINDS","7.5","0.27%","2,00,04,287","textiles","textiles - processing","smallcap",""
1032,"BANKNIFTY","BANKNIFTY","55,580.4","0.26%","0","indices","indices","smallcap",""
1033,"NIFTY50EQLWGT","NIFTY50EQLWGT","31,685.3","0.26%","0","indices","indices","smallcap",""
1034,"NIFTYCOMMODITIES","NIFTYCOMMODITIES","9,540.75","0.26%","0","indices","indices","smallcap",""
1035,"G R Infraprojects Ltd","GRINFRA","812.4","0.26%","12,680","realty","construction","midcap",""
1036,"Ajmera Realty & Infra India Limited","AJMERA","120.82","0.26%","1,64,978","realty","construction","smallcap",""
1037,"Anjani Portland Cement Ltd.-$","APCL","95.52","0.26%","3,558","building materials","cement - south india","smallcap",""
1038,"Shalimar Paints Limited","SHALPAINTS","76.85","0.26%","83,223","building materials","paints / varnishes","smallcap",""
1039,"Transwarranty Finance Limited","TFL","11.76","0.26%","3,661","financials","finance & investments","smallcap",""
1040,"Lancer Containers Lines Ltd","LANCER","11.62","0.26%","1,11,096","transportation","miscellaneous","smallcap",""
1041,"NIFTYSERVSECTOR","NIFTYSERVSECTOR","29,613.95","0.25%","0","indices","indices","smallcap",""
1042,"Sheetal Cool Products Ltd","SCPL","632.1","0.25%","2,669","fmcg","food - processing - indian","smallcap",""
1043,"Oriental Aromatics Ltd","OAL","533.65","0.25%","28,203","chemicals","chemicals","smallcap",""
1044,"Gateway Distriparks Ltd","GATEWAY","52.5","0.25%","2,82,280","transportation","miscellaneous","smallcap",""
1045,"Twenty First Century Management Services Ltd","21STCENMGM","39.87","0.25%","4,675","financials","finance & investments","smallcap",""
1046,"BSE (Bombay stock exchange) Ltd","BSE","3,191.5","0.24%","45,01,619","financials","miscellaneous","largecap",""
1047,"Sanofi India Limited","SANOFI","3,140.2","0.24%","13,319","healthcare","pharmaceuticals - multinational","midcap",""
1048,"Srf Limited","SRF","2,540","0.24%","1,05,615","chemicals","chemicals","largecap",""
1049,"Ifb Industries Limited","IFBIND","1,225.2","0.24%","13,377","consumer discretionary","domestic appliances","smallcap",""
1050,"Indian Bank Ltd","INDIANB","832","0.24%","10,35,590","bank","banks - public sector","largecap",""
1051,"Akums Drugs & Pharmaceuticals Ltd","AKUMS","819.55","0.24%","1,52,812","healthcare","pharmaceuticals - indian - bulk drugs & formln","midcap",""
1052,"IRM Energy Ltd","IRMENERGY","268.25","0.24%","28,275","energy","miscellaneous","smallcap",""
1053,"Trf Limited","TRF","215.65","0.24%","6,886","industrials","engineering","smallcap",""
1054,"Hexa Tradex Limited","HEXATRADEX","157.35","0.24%","986","financials","finance & investments","smallcap",""
1055,"Baroda BNP Paribas Gold ETF","BBNPPGOLD","145.25","0.24%","4,939","indices","indices","smallcap",""
1056,"NACL Industries Ltd","NACLIND","139.67","0.24%","3,86,366","chemicals","pesticides / agrochemicals - indian","smallcap",""
1057,"HDFC Nifty Growth Sectors 15 ETF","HDFCGROWTH","113.41","0.24%","11,386","indices","indices","smallcap",""
1058,"ICICI Prudential Nifty 5 Yr Benchmark G-Sec ETF","GSEC5IETF","65.85","0.24%","17,513","indices","indices","smallcap",""
1059,"BANKNIFTY1","BANKNIFTY1","57.69","0.24%","1,99,079","n/a","indices","smallcap",""
1060,"Ginni Filaments Limited","GINNIFILA","42.49","0.24%","1,82,240","textiles","textiles - cotton/blended","smallcap",""
1061,"NIFTY500","NIFTY500","22,603.5","0.23%","0","indices","indices","smallcap",""
1062,"Nifty Total Market","NIFTYTOTALMKT","12,797.25","0.23%","0","indices","indices","smallcap",""
1063,"NIFTY50VALUE20","NIFTY50VALUE20","11,380.5","0.23%","0","indices","indices","smallcap",""
1064,"Craftsman Automation Ltd","CRAFTSMAN","10,735","0.23%","39,510","auto","auto ancillaries","largecap",""
1065,"Ajanta Pharma Limited","AJANTPHARM","3,547.8","0.23%","46,112","healthcare","pharmaceuticals - indian - formulations","largecap",""
1066,"NIFTYETF","NIFTYETF","252.15","0.23%","1,72,650","n/a","indices","smallcap",""
1067,"Wipro Limited","WIPRO","164.02","0.23%","97,00,283","i.t","computers - software - large","largecap",""
1068,"Munjal Showa Limited","MUNJALSHOW","129.2","0.23%","23,637","auto","auto ancillaries","smallcap",""
1069,"Groww Nifty India Defence ETF","GROWWDEFNC","93.87","0.23%","1,18,117","indices","indices","smallcap",""
1070,"UTI Nifty Next 50 ETF","NEXT50BETA","77.65","0.23%","3,96,987","indices","indices","smallcap",""
1071,"Mirae Asset Nifty 100 ESG Sector Leaders ETF","ESG","39.76","0.23%","6,570","indices","indices","smallcap",""
1072,"NIFTYM150QLTY50","NIFTYM150QLTY50","23,462","0.22%","0","indices","indices","smallcap",""
1073,"NIFTY100LIQ15","NIFTY100LIQ15","7,219.05","0.22%","0","indices","indices","smallcap",""
1074,"NIFTYCPSE","NIFTYCPSE","6,375.85","0.22%","0","indices","indices","smallcap",""
1075,"Marathon Nextgen Realty Limited","MARATHON","411.7","0.22%","24,860","realty","construction","smallcap",""
1076,"Mirae Asset Nifty 100 Low Volatility 30 ETF","LOWVOL","198.45","0.22%","485","indices","indices","smallcap",""
1077,"Vintage Coffee & Beverages Ltd","VINCOFE","184.15","0.22%","9,11,215","consumer discretionary","trading","smallcap",""
1078,"Bajaj Housing Finance Ltd","BAJAJHFL","83.14","0.22%","31,21,239","financials","finance - housing","largecap",""
1079,"Digjam Ltd","DIGJAMLMTD","54.4","0.22%","3,820","textiles","textiles - products","smallcap",""
1080,"Atlantaa Ltd","ATLANTAA","35.73","0.22%","13,114","realty","engineering - turnkey services","smallcap",""
1081,"Hardwyn India Ltd","HARDWYN","9.27","0.22%","13,56,392","services","trading","smallcap",""
1082,"CNXENERGY","CNXENERGY","37,440.35","0.21%","0","indices","indices","smallcap",""
1083,"Bajaj Holdings & Investment Limited","BAJAJHLDNG","10,940","0.21%","41,708","financials","finance & investments","largecap",""
1084,"Choice International Ltd","CHOICEIN","751.05","0.21%","3,24,562","financials","finance & investments","midcap",""
1085,"Redington (india) Limited","REDINGTON","407.25","0.21%","24,73,777","services","trading","largecap",""
1086,"Chembond Material Technologies Ltd","CHEMBOND","191.99","0.21%","8,106","chemicals","chemicals","smallcap",""
1087,"Mirae Asset S&P BSE Sensex ETF","SENSEXETF","76.34","0.21%","43,637","indices","indices","smallcap",""
1088,"New Delhi Television Limited","NDTV","70.08","0.21%","27,919","media","entertainment / electronic media software","smallcap",""
1089,"DSP Nifty Bank ETF","BANKADD","57.02","0.21%","72,486","indices","indices","smallcap",""
1090,"Pilani Investment And Industries Corporation Limited","PILANIINVS","4,015","0.2%","1,020","financials","finance & investments","smallcap",""
1091,"Kirloskar Brothers Limited","KIRLOSBROS","1,771.9","0.2%","22,399","industrials","pumps","midcap",""
1092,"Sms Pharmaceuticals Limited","SMSPHARMA","475","0.2%","3,61,831","healthcare","pharmaceuticals - indian - bulk drugs","smallcap",""
1093,"IKIO Lighting Ltd","IKIO","205.43","0.2%","1,49,515","consumer discretionary","electric equipment","smallcap",""
1094,"Knr Constructions Limited","KNRCON","120.27","0.2%","8,00,438","realty","construction","smallcap",""
1095,"Nippon India ETF 5 Year Gilt","GILT5YBEES","65.97","0.2%","2,81,752","indices","indices","smallcap",""
1096,"NIFTYTOP10EW","NIFTYTOP10EW","8,192.45","0.19%","0","indices","indices","smallcap",""
1097,"Prestige Estates Projects Limited","PRESTIGE","1,477.8","0.19%","3,12,842","realty","construction","largecap",""
1098,"SBI Nifty Next 50","SETFNN50","770.95","0.19%","77,801","indices","indices","smallcap",""
1099,"India Shelter Finance Corporation Ltd","INDIASHLTR","654.3","0.19%","51,372","financials","finance - housing","midcap",""
1100,"Apollo Pipes Ltd","APOLLOPIPE","511.45","0.19%","1,77,165","plastic products","plastics products","smallcap",""
1101,"Fusion Micro Finance Ltd","FUSION","177.14","0.19%","3,97,315","financials","finance & investments","smallcap",""
1102,"Silver Touch Technologies Ltd","SILVERTUC","147.79","0.19%","4,12,116","i.t","computers - software - medium / small","smallcap",""
1103,"Barak Valley Cements Limited","BVCL","41.26","0.19%","12,620","building materials","cement - north india","smallcap",""
1104,"Indian Overseas Bank Ltd","IOB","31.98","0.19%","11,04,893","bank","banks - public sector","largecap",""
1105,"ICICI Prudential Nifty Alpha Low Volatility 30 ETF","ALPL30IETF","26.85","0.19%","4,51,327","indices","indices","smallcap",""
1106,"Odigma Consultancy Solutions Ltd","ODIGMA","21","0.19%","11,955","i.t","computers - software - medium / small","smallcap",""
1107,"Surana Telecom And Power Limited","SURANAT&P","15.92","0.19%","34,118","industrials","trading","smallcap",""
1108,"Jaiprakash Power Ventures Limited","JPPOWER","15.87","0.19%","3,06,26,176","power & utilities","power generation and supply","midcap",""
1109,"Divi's Laboratories Limited","DIVISLAB","9,619.5","0.18%","3,88,859","healthcare","pharmaceuticals - indian - bulk drugs","largecap",""
1110,"CNXPSE","CNXPSE","9,572.85","0.18%","0","indices","indices","smallcap",""
1111,"Deepak Fertilizers And Petrochemicals Corporation Limited","DEEPAKFERT","1,363.8","0.18%","3,94,991","chemicals","chemicals","midcap",""
1112,"ICICI Prudential S&P BSE Sensex ETF","SENSEXIETF","851.76","0.18%","12,820","indices","indices","smallcap",""
1113,"Jk Lakshmi Cement Limited","JKLAKSHMI","510.35","0.18%","63,165","building materials","cement - north india","midcap",""
1114,"Salona Cotspin Limited","SALONA","274.75","0.18%","359","textiles","textiles - cotton/blended","smallcap",""
1115,"Aditya Birla Money Limited","BIRLAMONEY","118.87","0.18%","18,043","financials","finance & investments","smallcap",""
1116,"Bombay Dyeing & Mfg Company Limited","BOMDYEING","109.83","0.18%","2,77,583","textiles","textiles - manmade","smallcap",""
1117,"HDFC Nifty 100 Quality 30 ETF","HDFCQUAL","56.53","0.18%","6,845","indices","indices","smallcap",""
1118,"Fischer Medical Ventures Ltd","FISCHER","34.29","0.18%","8,91,671","services","trading","smallcap",""
1119,"Punjab & Sind Bank","PSB","21.82","0.18%","5,33,659","bank","banks - public sector","midcap",""
1120,"Pritika Auto Industries Ltd","PRITIKAUTO","17.16","0.18%","2,45,999","auto","auto ancillaries","smallcap",""
1121,"DSP Nifty Healthcare ETF","HEALTHADD","16.99","0.18%","18,113","indices","indices","smallcap",""
1122,"India Nippon Electricals Limited","INDNIPPON","1,318.2","0.17%","88,704","auto","auto ancillaries","smallcap",""
1123,"Varroc Engineering Ltd","VARROC","834.85","0.17%","85,714","auto","auto ancillaries","midcap",""
1124,"Hindustan Petroleum Corporation Limited","HINDPETRO","351","0.17%","49,57,719","energy","refineries","largecap",""
1125,"Nippon India ETF Nifty 50 Value 20","NV20BEES","134.44","0.17%","11,732","indices","indices","smallcap",""
1126,"SBI ETF Consumption","SBIETFCON","117.65","0.17%","2,524","indices","indices","smallcap",""
1127,"Rashtriya Chemicals And Fertilizers Limited","RCF","108.58","0.17%","6,42,414","chemicals","fertilizers","midcap",""
1128,"HDFC Nifty PSU Bank ETF","HDFCPSUBK","83.61","0.17%","27,288","indices","indices","smallcap",""
1129,"Aditya Birla Lifestyle Brands Ltd","ABLBL","78.72","0.17%","6,31,342","consumer discretionary","textiles - products","midcap",""
1130,"UTI Nifty Bank ETF","BANKBETA","57.6","0.17%","69,129","indices","indices","smallcap",""
1131,"Modern Threads (I) Ltd","MODTHREAD","47.32","0.17%","1,995","textiles","textiles - spinning - synthetic / blended","smallcap",""
1132,"DSP BSE SENSEX Next 30 ETF","NEXT30ADD","41.92","0.17%","5,797","indices","indices","smallcap",""
1133,"Radiant Cash Management Services Ltd","RADIANTCMS","35.67","0.17%","76,758","miscellaneous","miscellaneous","smallcap",""
1134,"Kotak Nifty India Consumption ETF","CONS","11.75","0.17%","24,760","n/a","indices","smallcap",""
1135,"Angel One Nifty Total Market ETF","AONETOTAL","11.59","0.17%","76,051","indices","indices","smallcap",""
1136,"Atul Auto Limited","ATULAUTO","448.25","0.16%","35,098","auto","automobiles - scooters and 3 - wheelers","smallcap",""
1137,"5Paisa Capital Ltd","5PAISA","308.9","0.16%","27,267","financials","finance & investments","smallcap",""
1138,"Bls International Services Limited","BLS","224.26","0.16%","4,29,818","i.t","computers - software - medium / small","midcap",""
1139,"Samhi Hotels Ltd","SAMHI","159.19","0.16%","3,52,713","services","hotels","smallcap",""
1140,"Bajaj Finserv Nifty Bank ETF","BANKBETF","56.61","0.16%","52,348","indices","indices","smallcap",""
1141,"Andhra Cements Ltd","ACL","42.63","0.16%","9,779","building materials","cement - south india","smallcap",""
1142,"CNXSMALLCAP","CNXSMALLCAP","19,715.25","0.15%","0","indices","indices","smallcap",""
1143,"NIFTY500MULTICAP","NIFTY500MULTICAP","16,122.9","0.15%","0","indices","indices","smallcap",""
1144,"Adani Ports And Special Economic Zone Limited","ADANIPORTS","1,788","0.15%","8,95,306","transportation","miscellaneous","largecap",""
1145,"Mirae Asset Nifty50 Equal Weight ETF","EQUAL50","320.63","0.15%","3,279","indices","indices","smallcap",""
1146,"Mahindra Holidays & Resorts India Limited","MHRIL","200","0.15%","44,040","services","hotels","smallcap",""
1147,"Waterbase Ltd","WATERBASE","45.43","0.15%","7,545","fmcg","aquaculture","smallcap",""
1148,"Suzlon Energy Limited","SUZLON","40.8","0.15%","5,70,74,067","industrials","electric equipment","largecap",""
1149,"G-Tec Janix Education Ltd","GTECJAINX","26.52","0.15%","1,870","i.t","computers - education","smallcap",""
1150,"Aditya Birla Sun Life Nifty 200 Quality 30 ETF","NIFTYQLITY","20.37","0.15%","17,402","indices","indices","smallcap",""
1151,"ICICI Prudential Nifty 200 Quality 30 ETF","QUAL30IETF","20.2","0.15%","40,140","indices","indices","smallcap",""
1152,"ICICI Prudential NV20 ETF","NV20IETF","13.11","0.15%","5,38,367","indices","indices","smallcap",""
1153,"CNXINFRA","CNXINFRA","8,957.45","0.14%","0","indices","indices","smallcap",""
1154,"Kingfa Science & Technology (india) Limited","KINGFA","6,237.5","0.14%","5,672","plastic products","plastics products","midcap",""
1155,"NIFTYGS15YRPLUS","NIFTYGS15YRPLUS","3,541.87","0.14%","0","indices","indices","smallcap",""
1156,"N. B. I. Industrial Finance Company Limited","NBIFIN","1,926.4","0.14%","59","financials","finance & investments","smallcap",""
1157,"Onward Technologies Limited","ONWARDTEC","287.65","0.14%","7,246","i.t","computers - software - medium / small","smallcap",""
1158,"Nippon India ETF NIFTY 100","NIF100BEES","258.25","0.14%","50,901","indices","indices","smallcap",""
1159,"Nuvoco Vistas Corporation Ltd","NUVOCO","335.45","0.13%","2,04,487","building materials","cement - north india","midcap",""
1160,"NIFTYIETF","NIFTYIETF","262.67","0.13%","5,56,853","n/a","indices","smallcap",""
1161,"NIFTY1","NIFTY1","257.49","0.13%","66,135","n/a","indices","smallcap",""
1162,"Gujarat Energy Ltd","GUJENERGY","236.02","0.13%","4,51,419","energy","miscellaneous","largecap",""
1163,"Bank Of India Ltd","BANKINDIA","137.94","0.13%","15,90,019","bank","banks - public sector","largecap",""
1164,"Soma Textiles & Industries Limited","SOMATEX","80.04","0.13%","3,625","realty","construction","smallcap",""
1165,"Ptl Enterprises Limited","PTL","38.24","0.13%","16,942","miscellaneous","miscellaneous","smallcap",""
1166,"Indian Terrain Fashions Limited","INDTERRAIN","29.93","0.13%","3,166","textiles","trading","smallcap",""
1167,"Sun Pharmaceuticals Industries Limited","SUNPHARMA","1,852.2","0.12%","6,83,246","healthcare","pharmaceuticals - indian - bulk drugs & formln","largecap",""
1168,"Bharat Bond ETF - April 2030","EBBETF0430","1,605.88","0.12%","2,421","indices","indices","smallcap",""
1169,"Pitti Engineering Ltd","PITTIENG","1,162.4","0.12%","93,537","industrials","engineering","smallcap",""
1170,"Motilal Oswal M50 ETF","MOM50","242.31","0.12%","5,015","indices","indices","smallcap",""
1171,"V2 Retail Limited","V2RETAIL","214.72","0.12%","6,12,614","consumer discretionary","textiles - products","midcap",""
1172,"HDFC S&P BSE Sensex ETF","HDFCSENSEX","84.03","0.12%","48,210","indices","indices","smallcap",""
1173,"AXIS BSE SENSEX ETF","SENSEXAXIS","76.8","0.12%","1,11,922","indices","indices","smallcap",""
1174,"Manaksia Limited","MANAKSIA","64.11","0.12%","21,816","services","trading","smallcap",""
1175,"HDFC Nifty Banking ETF","HDFCNIFBAN","57.29","0.12%","27,898","indices","indices","smallcap",""
1176,"SBI BSE PSU Bank ETF","SBIBPB","48.09","0.12%","16,193","indices","indices","smallcap",""
1177,"Nrb Industrial Bearings Limited","NIBL","32.65","0.12%","7,942","industrials","bearings","smallcap",""
1178,"HDFC Nifty 100 ETF","HDFCNIF100","25.18","0.12%","28,496","indices","indices","smallcap",""
1179,"NIFTYMS400MQ100","NIFTYMS400MQ100","50,819.55","0.11%","0","indices","indices","smallcap",""
1180,"NIFTYLARGEMID250","NIFTYLARGEMID250","16,153.55","0.11%","0","indices","indices","smallcap",""
1181,"NIFTYINDTOURISM","NIFTYINDTOURISM","7,789.15","0.11%","0","indices","indices","smallcap",""
1182,"Subros Limited","SUBROS","720.9","0.11%","25,909","auto","auto ancillaries","smallcap",""
1183,"Krbl Limited","KRBL","398.65","0.11%","4,59,998","fmcg","food - processing - indian","midcap",""
1184,"Epack Durable Ltd","EPACK","180.32","0.11%","1,51,259","consumer discretionary","air-conditioners","smallcap",""
1185,"DSP Nifty Top 10 Equal Weight ETF","TOP10ADD","83.88","0.11%","1,73,821","indices","indices","smallcap",""
1186,"Indian Railway Finance Corporation Ltd","IRFC","79.95","0.11%","47,01,461","financials","finance - term-lending institutions","largecap",""
1187,"ICICI Prudential Nifty Top 15 Equal Weight ETF","TOP15IETF","9.35","0.11%","6,93,086","indices","indices","smallcap",""
1188,"Tata Elxsi Limited","TATAELXSI","3,186.9","0.1%","1,77,199","i.t","computers - software - medium / small","midcap",""
1189,"Ifb Agro Industries Limited","IFBAGRO","858.6","0.1%","1,248","fmcg","breweries & distilleries","smallcap",""
1190,"Medplus Health Services Ltd","MEDPLUS","654.9","0.1%","1,22,436","consumer discretionary","trading","midcap",""
1191,"Mirae Asset Nifty Bank ETF","BANKETF","567.11","0.1%","20,157","indices","indices","smallcap",""
1192,"Sun Tv Network Limited","SUNTV","513.2","0.1%","7,91,506","media","entertainment / electronic media software","largecap",""
1193,"Rajratan Global Wire Ltd","RAJRATAN","472.5","0.1%","25,305","metals & mining","steel - medium / small","smallcap",""
1194,"DSP Nifty PSU Bank ETF","PSUBANKADD","83.89","0.1%","5,599","indices","indices","smallcap",""
1195,"ICICI Prudential Nifty PSU Bank ETF","PSUBNKIETF","83.85","0.1%","34,414","indices","indices","smallcap",""
1196,"The South Indian Bank Limited","SOUTHBANK","49.95","0.1%","2,88,89,000","bank","banks - private sector","midcap",""
1197,"Nippon India ETF Nifty 8-13 yr G-Sec LongTerm Gilt","LTGILTBEES","29.65","0.1%","11,28,149","indices","indices","smallcap",""
1198,"Kotak MSCI India ETF","MSCIINDIA","28.86","0.1%","6,659","indices","indices","smallcap",""
1199,"Syncom Formulations (India) Ltd","SYNCOMF","20.05","0.1%","71,05,116","healthcare","pharmaceuticals - indian - bulk drugs & formln","smallcap",""
1200,"Zerodha Nifty 100 ETF","TOP100CASE","10.22","0.1%","3,24,865","indices","indices","smallcap",""
1201,"AONENIFTY","AONENIFTY","9.6","0.1%","1,08,791","indices","indices","smallcap",""
1202,"NIFTYTATA25CAP","NIFTYTATA25CAP","13,758.55","0.09%","0","indices","indices","smallcap",""
1203,"Goodyear India Ltd","GOODYEAR","707.8","0.09%","2,471","auto","tyres","smallcap",""
1204,"Zydus Wellness Limited","ZYDUSWELL","520.6","0.09%","60,614","fmcg","food - processing - indian","midcap",""
1205,"Hisar Metal Industries Ltd","HISARMETAL","152.88","0.09%","414","metals & mining","steel - medium / small","smallcap",""
1206,"ICICI Prudential Nifty Bank ETF","BANKIETF","57.11","0.09%","1,07,454","indices","indices","smallcap",""
1207,"NIFTYDIVOPPS50","NIFTYDIVOPPS50","5,605","0.08%","0","indices","indices","smallcap",""
1208,"Summit Securities Limited","SUMMITSEC","1,384.3","0.08%","1,397","financials","finance & investments","smallcap",""
1209,"Nippon India ETF Bank Bees","BANKBEES","576.33","0.08%","3,92,719","indices","indices","smallcap",""
1210,"Upl Limited","UPL","550.05","0.08%","20,67,628","chemicals","pesticides / agrochemicals - indian","largecap",""
1211,"National Aluminium Company Limited","NATIONALUM","358.7","0.08%","18,69,148","metals & mining","aluminium and aluminium products","largecap",""
1212,"Vip Industries Limited","VIPIND","301.2","0.08%","2,08,836","plastic products","moulded luggage","smallcap",""
1213,"Shreyas Shipping & Logistics Ltd","TRANSWORLD","166.1","0.08%","1,977","transportation","shipping","smallcap",""
1214,"Nippon India Nifty India Manufacturing ETF","MANUFGBEES","159.12","0.08%","19,194","indices","indices","smallcap",""
1215,"Finolex Industries Limited","FINPIPE","154.16","0.08%","3,46,254","plastic products","plastics products","midcap",""
1216,"Par Drugs & Chemicals Ltd","PAR","131.41","0.08%","9,099","healthcare","pharmaceuticals - indian - bulk drugs","smallcap",""
1217,"ICICI Prudential Nifty India Consumption ETF","CONSUMIETF","118.3","0.08%","9,386","indices","indices","smallcap",""
1218,"ICICI Prudential S&P BSE 500 ETF","BSE500IETF","38.32","0.08%","86,250","indices","indices","smallcap",""
1219,"Consolidated Construction Consortium Limited","CCCL","13.32","0.08%","1,22,449","realty","construction","smallcap",""
1220,"Macpower CNC Machines Ltd","MACPOWER","2,062.5","0.07%","22,980","industrials","engineering","smallcap",""
1221,"Sudarshan Chemical Industries Limited","SUDARSCHEM","1,218.9","0.07%","71,354","chemicals","dyes and pigments","midcap",""
1222,"Waaree Renewables Technologies Ltd","WAAREERTL","832.9","0.07%","77,627","power & utilities","engineering - turnkey services","midcap",""
1223,"HDFCNIFTY","HDFCNIFTY","261.22","0.07%","2,42,156","n/a","indices","smallcap",""
1224,"Vls Finance Limited","VLSFINANCE","239.74","0.07%","7,005","financials","finance & investments","smallcap",""
1225,"Mangalore Refinery And Petrochemicals Limited","MRPL","164.6","0.07%","32,44,699","energy","refineries","largecap",""
1226,"Mirza International Limited","MIRZAINT","28.92","0.07%","1,07,153","consumer discretionary","leather / leather products","smallcap",""
1227,"HDFC Nifty Private Bank ETF","HDFCPVTBAN","27.45","0.07%","1,38,169","indices","indices","smallcap",""
1228,"Raghav Productivity Enhancers Ltd","RPEL","1,699.5","0.06%","49,098","building materials","refractories / intermediates","midcap",""
1229,"Bhartiya International Limited","BIL","1,010.85","0.06%","4,693","consumer discretionary","leather / leather products","smallcap",""
1230,"Tata Nifty Private Bank ETF","NPBET","278.87","0.06%","22","indices","indices","smallcap",""
1231,"Veranda Learning Solutions Ltd","VERANDA","232.59","0.06%","4,10,254","services","miscellaneous","smallcap",""
1232,"Ashoka Buildcon Limited","ASHOKA","113.12","0.06%","2,95,342","realty","engineering - turnkey services","smallcap",""
1233,"Colgate Palmolive (india) Limited","COLPAL","1,855.8","0.05%","3,59,623","fmcg","personal care - multinational","largecap",""
1234,"Cipla Limited","CIPLA","1,399.7","0.05%","11,66,527","healthcare","pharmaceuticals - indian - bulk drugs & formln","largecap",""
1235,"Dr. Reddy's Laboratories Limited","DRREDDY","1,201","0.05%","10,01,238","healthcare","pharmaceuticals - indian - bulk drugs & formln","largecap",""
1236,"Shanthi Gears Limited","SHANTIGEAR","666.55","0.05%","28,415","industrials","engineering","midcap",""
1237,"Mahindra Logistics Ltd","MAHLOG","420.25","0.05%","4,47,609","transportation","miscellaneous","smallcap",""
1238,"Swan Corp Ltd","SWANCORP","294.85","0.05%","5,05,644","textiles","textiles - products","midcap",""
1239,"NIFTYBEES","NIFTYBEES","264.13","0.05%","52,54,198","indices","indices","smallcap",""
1240,"ICICINIFTY","ICICINIFTY","235.61","0.05%","39,06,480","n/a","indices","smallcap",""
1241,"Rupa & Company Limited","RUPA","136.07","0.05%","1,15,990","textiles","textiles - products","smallcap",""
1242,"Popular Vehicles & Services Ltd","PVSL","98.67","0.05%","12,411","consumer discretionary","trading","smallcap",""
1243,"Camlin Fine Sciences Limited","CAMLINFINE","97.3","0.05%","3,86,533","chemicals","chemicals","smallcap",""
1244,"IDFC First Bank Ltd","IDFCFIRSTB","83.8","0.05%","2,04,25,204","bank","banks - private sector","largecap",""
1245,"Alpa Laboratories Limited","ALPA","59.1","0.05%","1,25,298","healthcare","pharmaceuticals - indian - bulk drugs & formln","smallcap",""
1246,"Kotak Nifty 100 Low Vol 30 ETF","LOWVOL1","20.17","0.05%","2,21,497","indices","indices","smallcap",""
1247,"Mrf Limited","MRF","1,24,035","0.04%","2,338","auto","tyres","largecap",""
1248,"United Spirits Ltd","UNITDSPR","1,423.8","0.04%","3,62,455","fmcg","breweries & distilleries","largecap",""
1249,"Bharat Bond ETF - April 2032","BBETF0432","1,336","0.04%","729","indices","indices","smallcap",""
1250,"DSP S&P BSE Liquid Rate ETF","LIQUIDADD","1,146.53","0.04%","9,57,341","indices","indices","smallcap",""
1251,"Kotak Nifty 1D Rate Liquid ETF","LIQUID1","1,124.41","0.04%","12,39,705","indices","indices","smallcap",""
1252,"Shriram Nifty 1D Rate Liquid ETF","LIQUIDSHRI","1,123.13","0.04%","21,042","indices","indices","smallcap",""
1253,"Mirae Asset Nifty 1D Rate Liquid ETF-Growth","LIQUIDPLUS","1,104.95","0.04%","3,35,120","indices","indices","smallcap",""
1254,"Bajaj Finserv Nifty 1D Rate Liquid ETF","LIQUIDBETF","1,100.48","0.04%","5,10,890","indices","indices","smallcap",""
1255,"Pnb Housing Finance Limited","PNBHOUSING","1,094.9","0.04%","3,99,362","financials","finance - housing","largecap",""
1256,"ICICI Prudential BSE Liquid Rate ETF - Growth","CASHIETF","1,081.27","0.04%","4,05,110","indices","indices","smallcap",""
1257,"HDFC Nifty 1D Rate Liquid ETF","HDFCLIQUID","1,079.63","0.04%","59,263","indices","indices","smallcap",""
1258,"Angel One Nifty 1D Rate Liquid ETF - Growth","AONELIQUID","1,078.58","0.04%","32,270","indices","indices","smallcap",""
1259,"SBI Nifty 1D Rate Liquid ETF","SBILIQETF","1,057.62","0.04%","54,249","indices","indices","smallcap",""
1260,"Nippon India Nifty 1D Rate Liquid ETF - Growth","LIQGRWBEES","1,057.1","0.04%","28,990","indices","indices","smallcap",""
1261,"Jindal Drilling And Industries Limited","JINDRILL","592.2","0.04%","1,12,911","energy","oil drilling / allied services","smallcap",""
1262,"Wonderla Holidays Limited","WONDERLA","510.15","0.04%","43,470","media","recreation / amusement parks","smallcap",""
1263,"Sammaan Capital Ltd","SAMMAANCAP","140.61","0.04%","34,54,356","financials","finance - housing","midcap",""
1264,"Vraj Iron & Steel Ltd","VRAJ","126.24","0.04%","9,380","metals & mining","steel - sponge iron","smallcap",""
1265,"Groww Nifty 1D Rate Liquid ETF","GROWWLIQID","110.91","0.04%","1,54,736","indices","indices","smallcap",""
1266,"Kotak Nifty PSU Bank ETF","PSUBANK","82.95","0.04%","74,327","indices","indices","smallcap",""
1267,"Brigade Hotel Ventures Ltd","BRIGHOTEL","56.13","0.04%","71,084","services","hotels","smallcap",""
1268,"Aditya Birla Sun Life Nifty 50 ETF","BSLNIFTY","27.16","0.04%","5,91,858","indices","indices","smallcap",""
1269,"ICICI Prudential Nifty 100 ETF","NIF100IETF","27.16","0.04%","65,601","indices","indices","smallcap",""
1270,"DSP Nifty Midcap 150 Quality 50 ETF","MIDQ50ADD","24.23","0.04%","6,389","indices","indices","smallcap",""
1271,"Motilal Oswal Nifty 500 ETF","MONIFTY500","23.19","0.04%","3,53,444","indices","indices","smallcap",""
1272,"NIFTYMULTIINFRA","NIFTYMULTIINFRA","14,052.05","0.03%","0","indices","indices","smallcap",""
1273,"Century Plyboards (india) Limited","CENTURYPLY","694.45","0.03%","50,249","building materials","miscellaneous","midcap",""
1274,"Kiocl Limited","KIOCL","340.75","0.03%","59,387","metals & mining","mining / minerals / metals","largecap",""
1275,"SBI ETF Nifty 50","SETFNIF50","249.47","0.03%","7,82,484","indices","indices","smallcap",""
1276,"Zerodha Nifty 1D Rate Liquid ETF","LIQUIDCASE","116.1","0.03%","1,68,75,461","indices","indices","smallcap",""
1277,"Balaji Telefilms Limited","BALAJITELE","93.85","0.03%","81,715","media","entertainment / electronic media software","smallcap",""
1278,"NIFTYSMALLCAP250","NIFTYSMALLCAP250","18,158.9","0.02%","0","indices","indices","smallcap",""
1279,"Nilkamal Limited","NILKAMAL","1,884","0.02%","26,097","plastic products","plastics products","smallcap",""
1280,"Acc Limited","ACC","1,236.4","0.02%","45,301","building materials","cement - north india","largecap",""
1281,"Thyrocare Technologies Limited","THYROCARE","566.85","0.02%","1,29,345","healthcare","healthcare","midcap",""
1282,"EPL Ltd","EPL","238.1","0.02%","14,39,511","industrials","packaging","midcap",""
1283,"Ivp Limited","IVP","228.62","0.02%","10,999","chemicals","chemicals","smallcap",""
1284,"HDFC Nifty Small Cap 250 ETF","HDFCSML250","183.33","0.02%","11,10,435","indices","indices","smallcap",""
1285,"Hindprakash Industries Ltd","HPIL","115.4","0.02%","21","chemicals","dyes and pigments","smallcap",""
1286,"Cineline India Limited","CINELINE","89.19","0.02%","16,644","media","entertainment / electronic media software","smallcap",""
1287,"Mirae AN Midsmallcap400 Momentum Quality 100 ETF","MIDSMALL","50.99","0.02%","1,30,473","indices","indices","smallcap",""
1288,"Apollo Hospitals Enterprise Limited","APOLLOHOSP","8,889","0.01%","4,38,457","healthcare","healthcare","largecap",""
1289,"Bharat Bond ETF - April 2031","EBBETF0431","1,430.19","0.01%","5,210","indices","indices","smallcap",""
1290,"Supreme Petrochem Ltd","SPLPETRO","880","0.01%","1,62,786","energy","petrochemicals","midcap",""
1291,"Fertilizers And Chemicals Travancore Limited","FACT","777.9","0.01%","64,010","chemicals","fertilizers","largecap",""
1292,"Rallis India Limited","RALLIS","200.38","0.01%","3,78,388","chemicals","pesticides / agrochemicals - indian","smallcap",""
1293,"Tarc Ltd","TARC","129.36","0.01%","1,81,062","realty","construction","smallcap",""
1294,"Mirae Asset Nifty PSU Bank ETF","BANKPSU","83.45","0.01%","5,041","indices","indices","smallcap",""
1295,"HDFC Nifty Next 50 ETF","HDFCNEXT50","73.21","0.01%","1,19,653","indices","indices","smallcap",""
1296,"Groww Nifty Next 50 ETF","GROWWNXT50","71.77","0.01%","6,545","indices","indices","smallcap",""
1297,"SBI Nifty 1D Rate ETF","LIQUIDSBI","1,000","0%","6,659","indices","indices","smallcap",""
1298,"Aditya Birla SL Crisil Overnight Fund AI Index ETF","ABSLLIQUID","1,000","0%","802","indices","indices","smallcap",""
1299,"Mirae Asset Nifty 1D Rate Liquid ETF","LIQUID","999.99","0%","1,79,303","indices","indices","smallcap",""
1300,"ICICI Prudential S&P BSE Liquid Rate ETF","LIQUIDIETF","999.99","0%","9,12,286","indices","indices","smallcap",""
1301,"Nippon India ETF Liquid BeES","LIQUIDBEES","999.99","0%","42,13,190","indices","indices","smallcap",""
1302,"DSP BlackRock Liquid ETF","LIQUIDETF","999.99","0%","59,439","indices","indices","smallcap",""
1303,"Ntpc Limited","NTPC","326.6","0%","60,75,589","power & utilities","power generation and supply","largecap",""
1304,"QNIFTY","QNIFTY","254.68","0%","5,549","n/a","indices","smallcap",""
1305,"NIFTY50DIVPOINT","NIFTY50DIVPOINT","196.79","0%","0","indices","indices","smallcap",""
1306,"Dishman Carbogen Amcis Ltd","DCAL","168.19","0%","65,506","healthcare","pharmaceuticals - indian - bulk drugs & formln","smallcap",""
1307,"Motilal Oswal S&P BSE Enhanced Value ETF Fund","MOVALUE","110.69","0%","29,317","indices","indices","smallcap",""
1308,"Uravi T and Wedge Lamps Ltd","URAVIDEF","103","0%","628","n/a","indices","smallcap",""
1309,"Motilal Oswal Nifty PSE ETF","MOPSE","97.57","0%","3,126","indices","indices","smallcap",""
1310,"Lagnam Spintex Ltd","LAGNAM","74.99","0%","938","textiles","textiles - products","smallcap",""
1311,"Motilal Oswal Nifty 500 Momentum 50 ETF","MOMENTUM50","53.46","0%","2,93,448","indices","indices","smallcap",""
1312,"Zerodha Nifty 8-13 Yr G-Sec ETF","LTGILTCASE","30.22","0%","2,51,096","indices","indices","smallcap",""
1313,"Mirae Asset Nifty 8-13 Yr G-Sec ETF","GSEC10YEAR","29.99","0%","449","indices","indices","smallcap",""
1314,"Mirae Asset Nifty IT ETF","ITETF","29.87","0%","2,81,999","indices","indices","smallcap",""
1315,"Nippon India NIFTY Pharma ETF Growth Plan","PHARMABEES","27.8","0%","41,49,103","indices","indices","smallcap",""
1316,"DSP Nifty Private Bank ETF","PVTBANKADD","27.33","0%","1,70,983","indices","indices","smallcap",""
1317,"Mirae Asset Hang Seng TECH ETF","MAHKTECH","21.78","0%","3,96,128","indices","indices","smallcap",""
1318,"HDFC Nifty 100 Low Volatility 30 ETF","HDFCLOWVOL","19.81","0%","10,088","indices","indices","smallcap",""
1319,"Tci Finance Limited","TCIFINANCE","14.86","0%","15,285","financials","finance & investments","smallcap",""
1320,"Virinchi Ltd","VIRINCHI","13.81","0%","38,149","i.t","computers - software - medium / small","smallcap",""
1321,"Zerodha Nifty Midcap 150 ETF","MID150CASE","11.33","0%","8,38,893","indices","indices","smallcap",""
1322,"Aditya Birla Sun Life Nifty PSE ETF","ABSLPSE","9.97","0%","99,280","indices","indices","smallcap",""
1323,"Moksh Ornaments Ltd","MOKSH","9.92","0%","45,888","consumer discretionary","diamond cutting / jewellery","smallcap",""
1324,"Univa Foods Ltd","UNIVAFOODS","9.48","0%","12,745","services","hotels","smallcap",""
1325,"Akme Fintrade (India) Ltd","AFIL","8.04","0%","16,57,599","financials","finance & investments","smallcap",""
1326,"SEPC Ltd","SEPC","5.12","0%","60,35,158","realty","engineering - turnkey services","smallcap",""
1327,"Lakshmi Precision Screws Limited","LAKPRE","5.09","0%","610","castings, forgings & fasteners","fasteners","smallcap",""
1328,"Shyam Century Ferrous Limited","SHYAMCENT","5","0%","19,538","metals & mining","mining / minerals / metals","smallcap",""
1329,"Bhandari Hosiery Exports Ltd","BHANDARI","2.93","0%","69,403","textiles","textiles - products","smallcap",""
1330,"Sadhana Nitro Chem Ltd","SADHNANIQ","2.82","0%","26,54,259","chemicals","chemicals","smallcap",""
1331,"Suvidhaa Infoserve Ltd","SUVIDHAA","2.21","0%","88,167","i.t","miscellaneous","smallcap",""
1332,"Paras Petrofils Limited","PARASPETRO","2.08","0%","65,519","textiles","textiles - manmade","smallcap",""
1333,"Gayatri Highways Ltd","GAYAHWS","1.85","0%","70,343","realty","construction","smallcap",""
1334,"Reliance Communications Limited","RCOM","0.93","0%","20,36,380","telecom-service","telecommunications - service provider","smallcap",""
1335,"Inventure Growth & Securities Limited","INVENTURE","0.87","0%","5,85,864","financials","finance & investments","smallcap",""
1336,"Antarctica Limited","ANTGRAPHIC","0.71","0%","2,70,504","miscellaneous","diversified - medium / small","smallcap",""
1337,"NIFTYGS813YR","NIFTYGS813YR","3,021.59","-0.01%","0","indices","indices","smallcap",""
1338,"Yuken India Ltd","YUKEN","1,127.6","-0.01%","11,780","industrials","engineering","smallcap",""
1339,"Pokarna Limited","POKARNA","728.95","-0.01%","50,362","consumer discretionary","miscellaneous","smallcap",""
1340,"Tsf Investments Ltd","TSFINV","456.85","-0.01%","1,33,702","financials","finance & investments","midcap",""
1341,"Kolte - Patil Developers Limited","KOLTEPATIL","432","-0.01%","33,128","realty","construction","smallcap",""
1342,"Security & Intelligence Services India","SIS","418.4","-0.01%","83,932","miscellaneous","miscellaneous","midcap",""
1343,"Suven Life Sciences Limited","SUVEN","335","-0.01%","2,51,356","healthcare","miscellaneous","smallcap",""
1344,"LIC Nomura MF ETF - NIFTY 50 - Growth Plan","LICNETFN50","260.11","-0.01%","356","indices","indices","smallcap",""
1345,"All Time Plastics Ltd","ALLTIME","201.01","-0.01%","51,825","plastic products","plastics products","smallcap",""
1346,"Somi Conveyor Beltings Limited","SOMICONVEY","89.59","-0.01%","5,060","fmcg","miscellaneous","smallcap",""
1347,"Archidply Decor Ltd","ADL","69.81","-0.01%","142","building materials","miscellaneous","smallcap",""
1348,"LMW Ltd","LMW","17,133","-0.02%","2,399","industrials","textile machinery","midcap",""
1349,"Esab India Limited","ESABINDIA","5,527","-0.02%","2,898","industrials","electrodes - welding equipment","midcap",""
1350,"Ingersoll Rand (india) Limited","INGERRAND","4,233.6","-0.02%","6,700","industrials","compressors / drilling equipment","midcap",""
1351,"Naga Dhunseri Group Limited","NDGL","2,575.6","-0.02%","41","financials","finance & investments","smallcap",""
1352,"Premier Explosives Limited","PREMEXPLN","680.35","-0.02%","97,193","aerospace & defence","chemicals","smallcap",""
1353,"Just Dial Limited","JUSTDIAL","672.2","-0.02%","68,435","i.t","miscellaneous","midcap",""
1354,"CSB Bank Ltd","CSBBANK","333.7","-0.02%","1,86,281","bank","banks - private sector","midcap",""
1355,"Cesc Limited","CESC","139.86","-0.02%","24,29,335","power & utilities","power generation and supply","midcap",""
1356,"ICICI Prudential Nifty Commodities ETF","COMMOIETF","96.96","-0.02%","20,435","n/a","indices","smallcap",""
1357,"Foods & Inns Ltd","FOODSIN","52.97","-0.02%","73,902","fmcg","food - processing - indian","smallcap",""
1358,"Edelweiss Nifty500 Multicap Momentum Qual. 50 ETF","EMULTIMQ","41.29","-0.02%","12,231","indices","indices","smallcap",""
1359,"NIFTY500MOMENTM50","NIFTY500MOMENTM50","54,033.05","-0.03%","0","indices","indices","smallcap",""
1360,"NIFTYGSCOMPSITE","NIFTYGSCOMPSITE","3,116.11","-0.03%","0","indices","indices","smallcap",""
1361,"NIFTYGS10YR","NIFTYGS10YR","2,644.92","-0.03%","0","indices","indices","smallcap",""
1362,"Gallant Ispat Ltd","GALLANTT","545.1","-0.03%","58,267","metals & mining","steel - medium / small","midcap",""
1363,"Aditya Birla Capital Ltd","ABCAPITAL","390","-0.03%","27,52,305","financials","finance & investments","largecap",""
1364,"Dabur India Limited","DABUR","385.6","-0.03%","6,90,022","fmcg","personal care - indian","largecap",""
1365,"Petronet Lng Limited","PETRONET","286.5","-0.03%","8,80,374","energy","miscellaneous","largecap",""
1366,"Tata Steel Limited","TATASTEEL","187.97","-0.03%","1,58,90,667","metals & mining","steel - large","largecap",""
1367,"Jai Corp Limited","JAICORPLTD","94.43","-0.03%","2,54,150","plastic products","plastics products","smallcap",""
1368,"Lovable Lingerie Limited","LOVABLE","69.68","-0.03%","4,906","textiles","textiles - products","smallcap",""
1369,"Central Bank Of India Ltd","CENTRALBK","31.18","-0.03%","31,33,875","bank","banks - public sector","largecap",""
1370,"Aarti Industries Limited","AARTIIND","489.25","-0.04%","3,02,323","chemicals","chemicals","midcap",""
1371,"Dilip Buildcon Limited","DBL","412.45","-0.04%","1,00,526","realty","construction","midcap",""
1372,"Orbit Exports Limited","ORBTEXP","226.9","-0.04%","3,637","textiles","textiles - processing","smallcap",""
1373,"Spandana Sphoorty Financial Ltd","SPANDANA","225.53","-0.04%","97,580","financials","finance & investments","smallcap",""
1374,"Gujarat Pipavav Port Limited","GPPL","163.2","-0.04%","13,28,565","transportation","miscellaneous","midcap",""
1375,"Motilal Oswal Nifty Next 50 ETF","MONEXT50","71.52","-0.04%","3,085","indices","indices","smallcap",""
1376,"ICICI Prudential Nifty Private Bank ETF","PVTBANIETF","27.24","-0.04%","9,84,660","indices","indices","smallcap",""
1377,"PTC Industries Ltd","PTCIL","21,810","-0.05%","10,588","castings, forgings & fasteners","castings & forgings","largecap",""
1378,"Ceat Limited","CEATLTD","3,352.2","-0.05%","38,247","auto","tyres","midcap",""
1379,"BHARATBOND-APR31","BHARATBOND-APR31","1,458.03","-0.05%","0","indices","indices","smallcap",""
1380,"NIFTYGS10YRCLN","NIFTYGS10YRCLN","858.28","-0.05%","0","indices","indices","smallcap",""
1381,"Sejal Glass Ltd","SEJALLTD","682.7","-0.05%","1,52,803","building materials","glass & glass products","smallcap",""
1382,"SBI ETF Nifty Bank","SETFNIFBK","571.3","-0.05%","27,349","indices","indices","smallcap",""
1383,"Mrs Bectors Food Specialities Ltd","BECTORFOOD","215.58","-0.05%","4,28,994","fmcg","food - processing - indian","midcap",""
1384,"Balmer Lawrie & Company Limited","BALMLAWRIE","164.16","-0.05%","89,064","miscellaneous","diversified - large","smallcap",""
1385,"Axis Nifty India Consumption ETF","CONSUMAXIS","117.27","-0.05%","380","indices","indices","smallcap",""
1386,"NIFTYGS48YR","NIFTYGS48YR","3,311.94","-0.06%","0","indices","indices","smallcap",""
1387,"R R Kabel Ltd","RRKABEL","2,528.3","-0.06%","2,06,897","industrials","cables - power","largecap",""
1388,"BHARATBOND-APR30","BHARATBOND-APR30","1,609.2","-0.06%","0","indices","indices","smallcap",""
1389,"Izmo Limited","IZMO","903.95","-0.06%","46,289","i.t","computers - software - medium / small","smallcap",""
1390,"Metropolis Healthcare Ltd","METROPOLIS","582.6","-0.06%","1,30,509","healthcare","healthcare","midcap",""
1391,"Chambal Fertilizers & Chemicals Limited","CHAMBLFERT","417.95","-0.06%","5,51,322","chemicals","fertilizers","midcap",""
1392,"Standard Enginnering Technology Ltd","SETL","402.55","-0.06%","5,00,272","industrials","engineering","midcap",""
1393,"Praj Industries Limited","PRAJIND","315.9","-0.06%","3,37,732","industrials","engineering","midcap",""
1394,"ICICI Prudential Healthcare ETF","HEALTHIETF","172.01","-0.06%","80,158","indices","indices","smallcap",""
1395,"SBI Nifty50 Equal Weight ETF","SBINEQWETF","32.15","-0.06%","15,234","indices","indices","smallcap",""
1396,"ICICI Prudential IT ETF","ITIETF","31.35","-0.06%","9,52,377","indices","indices","smallcap",""
1397,"Nippon India ETF Nifty IT","ITBEES","31.3","-0.06%","78,22,671","indices","indices","smallcap",""
1398,"Ashoka Metcast Ltd","ASHOKAMET","15.67","-0.06%","35,144","metals & mining","trading","smallcap",""
1399,"Neuland Laboratories Limited","NEULANDLAB","21,890","-0.07%","41,988","healthcare","pharmaceuticals - indian - bulk drugs","largecap",""
1400,"NIFTYOILANDGAS","NIFTYOILANDGAS","10,862.15","-0.07%","0","indices","indices","smallcap",""
1401,"Cartrade Tech Ltd","CARTRADE","3,002.6","-0.07%","3,22,295","consumer discretionary","miscellaneous","midcap",""
1402,"Travel Food Services Ltd","TRAVELFOOD","1,213.3","-0.07%","64,775","consumer discretionary","hotels","midcap",""
1403,"The Grob Tea Company Limited","GROBTEA","894.35","-0.07%","183","fmcg","tea","smallcap",""
1404,"B&B Triplewall Containers Ltd","BBTCL","229.02","-0.07%","6,783","industrials","packaging","smallcap",""
1405,"Vikram Solar Ltd","VIKRAMSOLR","160.31","-0.07%","8,97,713","industrials","electric equipment","midcap",""
1406,"DSP S&P BSE Sensex ETF","SENSEXADD","76.28","-0.07%","4,869","indices","indices","smallcap",""
1407,"National Fertilizers Limited","NFL","66.67","-0.07%","4,40,381","chemicals","fertilizers","smallcap",""
1408,"Mirae Asset BSE 200 Equal Weight ETF","EQUAL200","13.41","-0.07%","11,227","indices","indices","smallcap",""
1409,"NIFTYALPHA50","NIFTYALPHA50","55,024.65","-0.08%","0","indices","indices","smallcap",""
1410,"NIFTY200MOMENTM30","NIFTY200MOMENTM30","30,229","-0.08%","0","indices","indices","smallcap",""
1411,"Swaraj Engines Limited","SWARAJENG","3,545.7","-0.08%","4,651","industrials","engines","smallcap",""
1412,"Emcure Pharmaceuticals Ltd","EMCURE","1,950.6","-0.08%","32,384","healthcare","pharmaceuticals - indian - bulk drugs & formln","largecap",""
1413,"CG Power and Industrial Solutions Ltd","CGPOWER","886","-0.08%","9,64,372","industrials","electric equipment","largecap",""
1414,"Ambuja Cements Limited","AMBUJACEM","383.8","-0.08%","11,80,134","building materials","cement - north india","largecap",""
1415,"Lexus Granito (India) Ltd","LEXUS","12.18","-0.08%","15,220","building materials","ceramics - tiles / sanitaryware","smallcap",""
1416,"NIFTYMIDSMALLCAP400","NIFTYMIDSMALLCAP400","20,904.95","-0.09%","0","indices","indices","smallcap",""
1417,"NIFTYMIDSELECT","NIFTYMIDSELECT","14,027.7","-0.09%","0","indices","indices","smallcap",""
1418,"L&t Technology Services Limited","LTTS","3,206.1","-0.09%","23,468","i.t","computers - software - large","largecap",""
1419,"Sobha Limited","SOBHA","1,226.6","-0.09%","57,820","realty","construction","midcap",""
1420,"Dynacons Systems & Solutions Limited","DSSL","1,021.2","-0.09%","13,959","i.t","computers - software - medium / small","smallcap",""
1421,"Jio Financial Services Ltd","JIOFIN","227","-0.09%","77,41,336","financials","finance & investments","largecap",""
1422,"Dcm  Limited","DCM","75","-0.09%","9,883","castings, forgings & fasteners","castings & forgings","smallcap",""
1423,"Equippp Social Impact Technologies Ltd","EQUIPPP","22.86","-0.09%","3,063","i.t","computers - software - medium / small","smallcap",""
1424,"ICICI Prudential Nifty 100 Low Volatility 30 ETF","LOWVOLIETF","21.18","-0.09%","5,68,565","indices","indices","smallcap",""
1425,"ICICI Prudential Nifty Oil & Gas ETF","OILIETF","11.01","-0.09%","6,45,500","indices","indices","smallcap",""
1426,"Groww Nifty 500 Momentum 50 ETF","GROWWMOM50","10.82","-0.09%","4,16,743","indices","indices","smallcap",""
1427,"CNXPHARMA","CNXPHARMA","27,003","-0.1%","0","indices","indices","smallcap",""
1428,"HDFC Asset Management Company Ltd","HDFCAMC","2,378","-0.1%","3,63,424","financials","finance & investments","largecap",""
1429,"C.E. Info Systems Ltd","MAPMYINDIA","881.9","-0.1%","76,763","i.t","computers - software - medium / small","smallcap",""
1430,"IIFL Finance Ltd","IIFL","616.95","-0.1%","8,43,724","financials","finance & investments","largecap",""
1431,"Kalyan Jewellers India Ltd","KALYANKJIL","573","-0.1%","28,31,344","consumer discretionary","diamond cutting / jewellery","largecap",""
1432,"Landmark Cars Ltd","LANDMARK","488.55","-0.1%","54,874","consumer discretionary","trading","smallcap",""
1433,"Ion Exchange (India) Ltd","IONEXCHANG","420.15","-0.1%","1,08,351","realty","engineering - turnkey services","midcap",""
1434,"Sirca Paints India Ltd","SIRCA","410.3","-0.1%","1,19,005","building materials","paints / varnishes","smallcap",""
1435,"Art Nirman Ltd","ARTNIRMAN","39.97","-0.1%","632","realty","construction","smallcap",""
1436,"Aditya Birla Sun Life Nifty IT ETF","TECH","30.92","-0.1%","27,693","indices","indices","smallcap",""
1437,"Mazagon Dock Shipbuilders Ltd","MAZDOCK","2,199.6","-0.11%","4,26,521","aerospace & defence","miscellaneous","largecap",""
1438,"Coforge (Niit Tech) Ltd","COFORGE","1,784","-0.11%","8,03,153","i.t","computers - software - large","largecap",""
1439,"Haleos Labs Limited","HALEOSLABS","1,501.8","-0.11%","555","healthcare","pharmaceuticals - indian - bulk drugs & formln","smallcap",""
1440,"Axis NIFTY Bank ETF","BNKETFAXIS","573.18","-0.11%","953","indices","indices","smallcap",""
1441,"Team India Guaranty Ltd","TEAMGTY","241.45","-0.11%","272","financials","finance & investments","smallcap",""
1442,"Chemcon Speciality Chemicals Ltd","CHEMCON","227.84","-0.11%","30,935","chemicals","chemicals","smallcap",""
1443,"Nippon India ETF PSU Bank Bees","PSUBNKBEES","92.35","-0.11%","4,62,230","indices","indices","smallcap",""
1444,"Kotak Nifty Alpha 50 ETF","ALPHA","52.76","-0.11%","9,00,108","indices","indices","smallcap",""
1445,"Fiberweb (India) Ltd","FIBERWEB","26.54","-0.11%","9,370","textiles","textiles - products","smallcap",""
1446,"Eimco Elecon (india) Limited","EIMCOELECO","2,301.6","-0.12%","16,786","industrials","engineering","smallcap",""
1447,"Adani Total Gas Ltd","ATGL","611.65","-0.12%","5,47,772","energy","miscellaneous","largecap",""
1448,"Blb Limited","BLBLIMITED","17.1","-0.12%","75,246","financials","finance & investments","smallcap",""
1449,"Bharat Road Network","BRNL","16.69","-0.12%","21,702","realty","construction","smallcap",""
1450,"Mirae Asset Nifty500 Multicap 50:25:25 ETF","MULTICAP","16.29","-0.12%","48,576","indices","indices","smallcap",""
1451,"Ather Energy Ltd","ATHERENERG","1,497","-0.13%","18,96,434","auto","automobiles - scooters and 3 - wheelers","largecap",""
1452,"Dcm Shriram Limited","DCMSHRIRAM","974.3","-0.13%","20,353","miscellaneous","diversified - mega","midcap",""
1453,"Marksans Pharma Limited","MARKSANS","336.95","-0.13%","14,52,979","healthcare","pharmaceuticals - indian - formulations","midcap",""
1454,"DC Infotech & Communication Ltd","DCI","302","-0.13%","1,14,505","i.t","trading","smallcap",""
1455,"Indef Manufacturing Ltd","BAJAJINDEF","218.09","-0.13%","10,132","industrials","engineering","smallcap",""
1456,"Orient Cement Limited","ORIENTCEM","122.16","-0.13%","4,91,051","building materials","cement - south india","smallcap",""
1457,"Aditya Birla Sun Life Nifty 200 Momentum 30 ETF","MOMENTUM","30.63","-0.13%","20,064","indices","indices","smallcap",""
1458,"Trident Limited","TRIDENT","23.12","-0.13%","21,93,149","textiles","textiles - cotton/blended","midcap",""
1459,"ICICI Prudential Nifty200 Value 30 ETF","VAL30IETF","14.85","-0.13%","1,37,283","indices","indices","smallcap",""
1460,"CNXMIDCAP","CNXMIDCAP","60,906","-0.14%","0","indices","indices","smallcap",""
1461,"Foseco India Limited","FOSECOIND","6,468","-0.14%","19,496","chemicals","chemicals","smallcap",""
1462,"NIFTYGS1115YR","NIFTYGS1115YR","3,341.27","-0.14%","0","indices","indices","smallcap",""
1463,"Skf India Limited","SKFINDIA","1,539.8","-0.14%","21,172","industrials","bearings","midcap",""
1464,"BHARATBOND-APR33","BHARATBOND-APR33","1,278.41","-0.14%","0","indices","indices","smallcap",""
1465,"Asian Hotels (west) Limited","AHLWEST","520.3","-0.14%","1,411","services","hotels","smallcap",""
1466,"Medi Assist Healthcare Services Ltd","MEDIASSIST","319.85","-0.14%","4,91,837","miscellaneous","miscellaneous","smallcap",""
1467,"Ritco Logistics Ltd","RITCO","285.7","-0.14%","32,924","transportation","miscellaneous","smallcap",""
1468,"Star Paper Mills Limited","STARPAPER","155.06","-0.14%","2,363","building materials","paper","smallcap",""
1469,"Jamna Auto Industries Limited","JAMNAAUTO","138.2","-0.14%","34,96,903","auto","auto ancillaries","midcap",""
1470,"Valor Estate Ltd","DBREALTY","100.08","-0.14%","6,67,369","realty","construction","midcap",""
1471,"Motilal Oswal BSE India Infrastructure ETF","MOINFRA","57.92","-0.14%","6,539","indices","indices","smallcap",""
1472,"GLOBECIVIL","GLOBECIVIL","43.12","-0.14%","9,026","realty","construction","smallcap",""
1473,"A2z Infra Engineering Limited","A2ZINFRA","14.72","-0.14%","1,67,738","realty","engineering - turnkey services","smallcap",""
1474,"Nifty midcap 150","NIFTYMIDCAP150","22,437","-0.15%","0","indices","indices","smallcap",""
1475,"GE Vernova T&D India Ltd","GVT&D","4,280","-0.15%","3,25,045","industrials","electric equipment","largecap",""
1476,"Bombay Burmah Trading Corporation Limited","BBTC","1,435.2","-0.15%","31,881","auto","auto ancillaries","midcap",""
1477,"Adani Energy Solutions Ltd","ADANIENSOL","1,338.5","-0.15%","15,34,753","power & utilities","power generation and supply","largecap",""
1478,"Central Depository Services Ltd","CDSL","1,318","-0.15%","12,48,040","financials","miscellaneous","largecap",""
1479,"Eternal Ltd","ETERNAL","335","-0.15%","2,45,08,361","i.t","miscellaneous","largecap",""
1480,"Kellton Tech Solutions Limited","KELLTONTEC","13.46","-0.15%","11,20,196","i.t","computers - software - medium / small","smallcap",""
1481,"Deepak Builders & Engineers India Ltd","DBEIL","6.63","-0.15%","1,21,300","realty","construction","smallcap",""
1482,"Apar Industries Limited","APARINDS","17,776","-0.16%","85,829","industrials","electric equipment","largecap",""
1483,"Arihant Superstructures Ltd","ARIHANTSUP","242.7","-0.16%","19,545","realty","construction","smallcap",""
1484,"Godawari Power And Ispat Limited","GPIL","229.42","-0.16%","8,63,273","metals & mining","steel - medium / small","midcap",""
1485,"TVS Supply Chain Solutions Ltd","TVSSCS","130.26","-0.16%","4,20,956","transportation","miscellaneous","midcap",""
1486,"Reliance Chemotex Industries Ltd","RELCHEMQ","118.22","-0.16%","583","textiles","textiles - spinning - synthetic / blended","smallcap",""
1487,"HEC Infra Projects Ltd","HECPROJECT","115.48","-0.16%","1,150","realty","engineering - turnkey services","smallcap",""
1488,"Axis Nifty500 Value 50 ETF","VALUEAXIS","32.13","-0.16%","45,619","indices","indices","smallcap",""
1489,"Nifty IT","CNXIT","28,160.9","-0.17%","0","indices","indices","smallcap",""
1490,"Kovai Medical Center & Hospital Ltd","KOVAI","6,090.5","-0.17%","3,285","healthcare","healthcare","midcap",""
1491,"Sai Life Sciences Ltd","SAILIFE","1,592.2","-0.17%","2,65,877","healthcare","pharmaceuticals - indian - bulk drugs & formln","largecap",""
1492,"PVR Inox Ltd","PVRINOX","1,254.6","-0.17%","3,74,832","media","entertainment / electronic media software","midcap",""
1493,"Divgi Torqtransfer Systems Ltd","DIVGIITTS","1,154.6","-0.17%","67,322","auto","auto ancillaries","smallcap",""
1494,"Reliable Data Services Ltd","RELIABLE","147.7","-0.17%","11,825","i.t","computers - software - medium / small","smallcap",""
1495,"DSP Nifty IT ETF","ITADD","29.9","-0.17%","12,897","n/a","indices","smallcap",""
1496,"ICICI Prudential Nifty Midcap 150 ETF","MIDCAPIETF","23.31","-0.17%","7,98,870","indices","indices","smallcap",""
1497,"Mirae Asset Nifty Midcap 150 ETF","MIDCAPETF","22.96","-0.17%","19,75,289","indices","indices","smallcap",""
1498,"Vishal Fabrics Ltd","VISHAL","18.03","-0.17%","34,434","textiles","textiles - processing","smallcap",""
1499,"Mirae Asset Nifty India New Age Consumption ETF","CONSUMER","11.61","-0.17%","68,101","indices","indices","smallcap",""
1500,"Godfrey Phillips India Limited","GODFRYPHLP","1,970.4","-0.18%","68,917","fmcg","cigarettes","largecap",""
1501,"Premier Energies Ltd","PREMIERENE","896.4","-0.18%","4,55,438","services","trading","largecap",""
1502,"Raymond Lifestyle Ltd","RAYMONDLSL","687.6","-0.18%","2,40,261","textiles","textiles - products","smallcap",""
1503,"DCX Systems Ltd","DCXINDIA","161.99","-0.18%","4,55,756","aerospace & defence","electronics - components","smallcap",""
1504,"JTEKT India Ltd","JTEKTINDIA","118.07","-0.18%","59,407","auto","auto ancillaries","smallcap",""
1505,"Procter & Gamble Health Ltd","PGHL","5,406","-0.19%","3,567","healthcare","pharmaceuticals - multinational","midcap",""
1506,"BHARATBOND-APR32","BHARATBOND-APR32","1,319.22","-0.19%","0","indices","indices","smallcap",""
1507,"Insecticides (india) Limited","INSECTICID","602.5","-0.19%","4,723","chemicals","pesticides / agrochemicals - indian","smallcap",""
1508,"Bf Utilities Limited","BFUTILITIE","524.45","-0.19%","52,034","power & utilities","power generation and supply","smallcap",""
1509,"Elecon Engineering Company Limited","ELECON","458.25","-0.19%","6,31,253","industrials","engineering","midcap",""
1510,"AWL Agri Business Ltd","AWL","184.34","-0.19%","14,39,611","fmcg","solvent extraction","largecap",""
1511,"Housing and Urban Development Corporation Ltd","HUDCO","173.99","-0.19%","8,36,257","financials","finance - term-lending institutions","largecap",""
1512,"Borosil Scientific Ltd","BOROSCI","115.55","-0.19%","61,474","building materials","glass & glass products","smallcap",""
1513,"Rossell India Limited","ROSSELLIND","51.63","-0.19%","25,615","fmcg","tea","smallcap",""
1514,"Zenith Steel Pipes & Industries Ltd","ZENITHSTL","5.26","-0.19%","82,896","metals & mining","steel - medium / small","smallcap",""
1515,"Ramco Systems Limited","RAMCOSYS","580.2","-0.2%","27,563","i.t","computers - software - medium / small","smallcap",""
1516,"Aarti Surfactants Ltd","AARTISURF","515.7","-0.2%","5,605","chemicals","chemicals","smallcap",""
1517,"Shreyans Industries Limited","SHREYANIND","130.15","-0.2%","2,486","building materials","paper","smallcap",""
1518,"Rama Phosphates Ltd","RAMAPHO","122.25","-0.2%","15,287","chemicals","fertilizers","smallcap",""
1519,"Archidply Industries Limited","ARCHIDPLY","106.26","-0.2%","5,592","building materials","miscellaneous","smallcap",""
1520,"Rajdarshan Industries Ltd","ARENTERP","34.7","-0.2%","837","metals & mining","trading","smallcap",""
1521,"Tata Communications Limited","TATACOMM","1,666.5","-0.21%","1,26,901","telecom-service","telecommunications - service provider","largecap",""
1522,"Minda Corporation Limited","MINDACORP","678.85","-0.21%","74,927","auto","auto ancillaries","midcap",""
1523,"Hindustan Copper Limited","HINDCOPPER","494.65","-0.21%","36,49,150","metals & mining","mining / minerals / metals","largecap",""
1524,"Vinyl Chemicals (india) Limited","VINYLINDIA","219.85","-0.21%","1,993","chemicals","trading","smallcap",""
1525,"JSW Cement Ltd","JSWCEMENT","115.47","-0.21%","24,47,516","building materials","cement - north india","midcap",""
1526,"Motilal Oswal Nifty 200 Momentum 30 ETF","MOMOMENTUM","61","-0.21%","37,882","indices","indices","smallcap",""
1527,"GROWWNIFTY","GROWWNIFTY","9.36","-0.21%","7,61,413","indices","indices","smallcap",""
1528,"NIFTY200ALPHA30","NIFTY200ALPHA30","26,023.9","-0.22%","0","indices","indices","smallcap",""
1529,"Bikaji Foods International Ltd","BIKAJI","573.95","-0.22%","71,004","fmcg","food - processing - indian","midcap",""
1530,"Skipper Limited","SKIPPER","551.15","-0.22%","3,73,119","industrials","engineering","midcap",""
1531,"Valiant Organics Ltd","VALIANTORG","410.45","-0.22%","30,685","chemicals","chemicals","smallcap",""
1532,"Patanjali Foods Ltd","PATANJALI","403.95","-0.22%","16,48,377","fmcg","solvent extraction","largecap",""
1533,"SBI ETF IT","SBIETFIT","312.14","-0.22%","4,550","indices","indices","smallcap",""
1534,"Bharat Wire Ropes Limited","BHARATWIRE","164.97","-0.22%","1,06,706","metals & mining","steel - medium / small","smallcap",""
1535,"Bsl Limited","BSL","120.64","-0.22%","2,183","textiles","textiles - processing","smallcap",""
1536,"Motilal Oswal Nifty Midcap150 Momentum 50 ETF","MOMIDMTM","63.53","-0.22%","64,203","indices","indices","smallcap",""
1537,"HDFC S & P BSE 500 ETF","HDFCBSE500","36.38","-0.22%","11,05,274","indices","indices","smallcap",""
1538,"Kotak Nifty MNC ETF","MNC","32.2","-0.22%","25,150","indices","indices","smallcap",""
1539,"Aurobindo Pharma Limited","AUROPHARMA","1,712","-0.23%","6,24,705","healthcare","pharmaceuticals - indian - bulk drugs & formln","largecap",""
1540,"NIFTYMEDIA","NIFTYMEDIA","1,550.65","-0.23%","0","indices","indices","smallcap",""
1541,"Vineet Laboratories Ltd","VINEETLAB","34.85","-0.23%","57,655","healthcare","pharmaceuticals - indian - bulk drugs & formln","smallcap",""
1542,"HDFC Nifty IT ETF","HDFCNIFIT","30.07","-0.23%","1,24,528","indices","indices","smallcap",""
1543,"B.a.g Films And Media Limited","BAGFILMS","4.28","-0.23%","28,683","media","entertainment / electronic media software","smallcap",""
1544,"Tata Consultancy Services Limited","TCS","2,082","-0.24%","33,42,195","i.t","computers - software - large","largecap",""
1545,"Nahar Spinning Mills Limited","NAHARSPING","269.95","-0.24%","8,044","textiles","textiles - cotton/blended","smallcap",""
1546,"Orient Paper & Industries Limited","ORIENTPPR","16.76","-0.24%","1,83,765","building materials","paper","smallcap",""
1547,"TruCap Finance Ltd","TRU","4.2","-0.24%","44,534","financials","finance & investments","smallcap",""
1548,"NIFTYMIDCAP50","NIFTYMIDCAP50","17,474.1","-0.25%","0","indices","indices","smallcap",""
1549,"Kotak Mahindra Bank Limited","KOTAKBANK","404","-0.25%","1,81,75,573","bank","banks - private sector","largecap",""
1550,"Kotak IT ETF","IT","31.34","-0.25%","4,03,375","indices","indices","smallcap",""
1551,"Patel Engineering Limited","PATELENG","27.61","-0.25%","16,59,476","realty","construction","smallcap",""
1552,"Tarapur Transformers Limited","TARAPUR","12.19","-0.25%","15,620","industrials","electric equipment","smallcap",""
1553,"Ksolves India Ltd","KSOLVES","248.5","-0.26%","44,119","i.t","computers - software - medium / small","smallcap",""
1554,"Ugro Capital Ltd","UGROCAP","82.02","-0.26%","90,627","financials","finance & investments","smallcap",""
1555,"Edelweiss BSE Capital Markets & Insurance ETF","ECAPINSURE","23.37","-0.26%","74,542","indices","indices","smallcap",""
1556,"The Indian Hotels Company Limited","INDHOTEL","726.8","-0.27%","15,38,596","services","hotels","largecap",""
1557,"Nlc India Limited","NLCINDIA","262.55","-0.27%","8,15,195","power & utilities","power generation and supply","largecap",""
1558,"Mangal Credit & Fincorp Ltd","MANCREDIT","221.93","-0.27%","1,05,468","financials","finance & investments","smallcap",""
1559,"Mirae Asset Nifty 200 Alpha 30 ETF","ALPHAETF","25.96","-0.27%","11,90,528","indices","indices","smallcap",""
1560,"Mangalam Cement Limited","MANGLMCEM","1,028.6","-0.28%","27,439","building materials","cement - north india","smallcap",""
1561,"Butterfly Gandhimathi Appliances Limited","BUTTERFLY","566.7","-0.28%","11,663","consumer discretionary","domestic appliances","smallcap",""
1562,"Aeroflex Industries Ltd","AEROFLEX","525.7","-0.28%","5,15,468","metals & mining","steel - medium / small","midcap",""
1563,"Route Mobile Ltd","ROUTE","463","-0.28%","1,00,904","i.t","computers - software - medium / small","smallcap",""
1564,"SBI ETF PRIVATE BANK","SBIETFPB","274.29","-0.28%","4,586","indices","indices","smallcap",""
1565,"GPT Healthcare Ltd","GPTHEALTH","161.27","-0.28%","66,898","healthcare","healthcare","smallcap",""
1566,"Nippon India ETF  Nifty Dividend Opportunities 50","DIVOPPBEES","74.22","-0.28%","44,715","indices","indices","smallcap",""
1567,"Kotak Nifty Midcap 50 ETF","MIDCAP","17.88","-0.28%","3,15,970","indices","indices","smallcap",""
1568,"Rattanindia Power Limited","RTNPOWER","7","-0.28%","1,43,84,293","power & utilities","power generation and supply","smallcap",""
1569,"Novartis India Ltd","NOVARTIND","1,965.6","-0.29%","17,098","healthcare","pharmaceuticals - multinational","smallcap",""
1570,"Metro Brands Ltd","METROBRAND","882","-0.29%","1,20,763","consumer discretionary","leather / leather products","largecap",""
1571,"Ganesh Housing Ltd","GANESHHOU","734.75","-0.29%","18,687","realty","construction","midcap",""
1572,"Sandhar Technologies Limited","SANDHAR","574","-0.29%","88,878","auto","auto ancillaries","smallcap",""
1573,"Siyaram Silk Mills Limited","SIYSIL","538.05","-0.29%","9,287","textiles","textiles - processing","smallcap",""
1574,"IIFL Capital Services Ltd","IIFLCAPS","346.7","-0.29%","2,63,461","financials","finance & investments","midcap",""
1575,"Genus Power Infrastructures Limited","GENUSPOWER","305.7","-0.29%","8,66,753","consumer discretionary","electronics - components","midcap",""
1576,"Jay Bharat Maruti Limited","JAYBARMARU","121.55","-0.29%","12,57,855","auto","auto ancillaries","smallcap",""
1577,"Motilal Oswal S&P BSE Healthcare ETF","MOHEALTH","52.4","-0.29%","40,177","indices","indices","smallcap",""
1578,"Kotak Nifty 100 Equal Weight ETF","NIFTY100EW","34.09","-0.29%","49,398","indices","indices","smallcap",""
1579,"Agro Phos India Ltd","AGROPHOS","24.2","-0.29%","8,329","chemicals","fertilizers","smallcap",""
1580,"Aditya Birla Sun Life NIFTY Healthcare ETF","HEALTHY","17.17","-0.29%","3,18,507","indices","indices","smallcap",""
1581,"Vardhman Holdings Limited","VHL","3,358.1","-0.3%","70","financials","finance & investments","smallcap",""
1582,"Kajaria Ceramics Limited","KAJARIACER","1,218.1","-0.3%","2,51,382","building materials","ceramics - tiles / sanitaryware","midcap",""
1583,"Nesco Limited","NESCO","1,070.3","-0.3%","27,868","realty","construction","midcap",""
1584,"Bombay Super Hybrid Seeds Ltd","BSHSL","86.9","-0.3%","1,808","fmcg","miscellaneous","smallcap",""
1585,"Electrosteel Castings Limited","ELECTCAST","72.34","-0.3%","7,57,352","castings, forgings & fasteners","castings & forgings","smallcap",""
1586,"Hathway Cable & Datacom Limited","HATHWAY","9.93","-0.3%","10,71,495","telecom-service","telecommunications - service provider","smallcap",""
1587,"Spacenet Enterprises India Ltd","SPCENET","3.35","-0.3%","6,47,300","services","trading","smallcap",""
1588,"SVP Global Ventures Ltd","SVPGLOB","3.27","-0.3%","25,029","textiles","textiles - spinning - synthetic / blended","smallcap",""
1589,"Aegis Logistics Ltd","AEGISLOG","1,365.4","-0.31%","2,90,729","services","trading","largecap",""
1590,"TATA Consumer Products Ltd","TATACONSUM","983.2","-0.31%","8,85,948","fmcg","tea","largecap",""
1591,"Saregama India Limited","SAREGAMA","496.9","-0.31%","1,97,993","media","entertainment / electronic media software","midcap",""
1592,"Kewal Kiran Clothing Limited","KKCL","467.85","-0.31%","67,003","readymade garments/apparels","textiles - products","smallcap",""
1593,"Nippon India ETF Shariah BeES","SHARIABEES","432.52","-0.31%","8,090","indices","indices","smallcap",""
1594,"Go Fashion (India) Ltd","GOCOLORS","317.35","-0.31%","25,771","textiles","textiles - products","smallcap",""
1595,"Gujarat Industries Power Company Limited","GIPCL","185.84","-0.31%","2,19,387","power & utilities","power generation and supply","smallcap",""
1596,"Apeejay Surrendra Park Hotels Ltd","PARKHOTELS","104.9","-0.31%","2,59,036","services","hotels","smallcap",""
1597,"SBFC Finance Ltd","SBFC","88.86","-0.31%","7,79,068","financials","finance & investments","midcap",""
1598,"Maha Rashtra Apex Corporation Ltd","MAHAPEXLTD","51.58","-0.31%","9,986","financials","finance & investments","smallcap",""
1599,"LIC Nomura MF G-Sec Long Term ETF","LICNETFGSC","29.07","-0.31%","14,187","indices","indices","smallcap",""
1600,"Indbank Merchant Banking Services Limited","INDBANK","26.15","-0.31%","14,918","financials","finance & investments","smallcap",""
1601,"NIFTYM150MOMNTM50","NIFTYM150MOMNTM50","62,422.9","-0.32%","0","indices","indices","smallcap",""
1602,"Pidilite Industries Limited","PIDILITIND","1,517.2","-0.32%","5,03,315","chemicals","chemicals","largecap",""
1603,"Alivus Life Sciences Ltd","ALIVUS","1,365.6","-0.32%","37,558","healthcare","pharmaceuticals - indian - bulk drugs & formln","midcap",""
1604,"Natco Pharma Limited","NATCOPHARM","839.3","-0.32%","3,69,981","healthcare","pharmaceuticals - indian - bulk drugs & formln","midcap",""
1605,"Icici Prudential Life Insurance Company Limited","ICICIPRULI","463","-0.32%","11,21,971","financials","finance & investments","largecap",""
1606,"Emami Limited","EMAMILTD","389.25","-0.32%","20,20,121","fmcg","personal care - indian","midcap",""
1607,"SBI-ETF 10 Year GILT","SETF10GILT","262.51","-0.32%","4,755","indices","indices","smallcap",""
1608,"NIFTY50PR1XINV","NIFTY50PR1XINV","230.55","-0.32%","0","indices","indices","smallcap",""
1609,"NIFTY50TR1XINV","NIFTY50TR1XINV","187","-0.32%","0","indices","indices","smallcap",""
1610,"Vip Clothing Limited","VIPCLOTHNG","21.63","-0.32%","45,956","textiles","textiles - products","smallcap",""
1611,"Ravi Kumar Distilleries Limited","RKDL","18.6","-0.32%","1,964","fmcg","breweries & distilleries","smallcap",""
1612,"Rajnandini Metal Ltd","RAJMET","3.11","-0.32%","2,02,636","metals & mining","mining / minerals / metals","smallcap",""
1613,"Aditya Birla Sun Life Crisil 10 Year Gilt ETF","GSEC10ABSL","111.63","-0.33%","6","indices","indices","smallcap",""
1614,"Nhpc Limited","NHPC","76","-0.33%","64,81,994","power & utilities","power generation and supply","largecap",""
1615,"Tree House Education & Accessories Limited","TREEHOUSE","6.05","-0.33%","22,991","services","miscellaneous","smallcap",""
1616,"Acutaas Chemicals Ltd","ACUTAAS","3,272.5","-0.34%","1,53,473","healthcare","pharmaceuticals - indian - bulk drugs","largecap",""
1617,"Dhanuka Agritech Limited","DHANUKA","964.35","-0.34%","6,793","chemicals","pesticides / agrochemicals - indian","smallcap",""
1618,"Healthcare Global Enterprises Limited","HCG","698.65","-0.34%","62,254","healthcare","healthcare","midcap",""
1619,"Crest Ventures Limited","CREST","362.9","-0.34%","4,329","financials","finance & investments","smallcap",""
1620,"Star Cement Ltd","STARCEMENT","186.61","-0.34%","50,622","building materials","cement - north india","midcap",""
1621,"Nippon India BSE Sensex Next 30 ETF","SNXT30BEES","41.61","-0.34%","7,415","indices","indices","smallcap",""
1622,"Goyal Aluminiums Ltd","GOYALALUM","5.91","-0.34%","40,513","services","trading","smallcap",""
1623,"Gkw Limited","GKWLIMITED","1,556","-0.35%","1,360","n/a","indices","smallcap",""
1624,"Happiest Minds Technologies Ltd","HAPPSTMNDS","310.5","-0.35%","4,13,053","i.t","computers - software - medium / small","smallcap",""
1625,"Sreeleathers Limited","SREEL","298.51","-0.35%","9,575","consumer discretionary","trading","smallcap",""
1626,"Shree Rama Newsprint Limited","RAMANEWS","31.1","-0.35%","14,119","miscellaneous","miscellaneous","smallcap",""
1627,"Ghcl Limited","GHCL","419.8","-0.36%","80,239","chemicals","chemicals","smallcap",""
1628,"Patel Retail Ltd","PATELRMART","206.28","-0.36%","13,767","consumer discretionary","trading","smallcap",""
1629,"HDFC Nifty 200 Momentum 30 ETF","HDFCMOMENT","30.51","-0.36%","1,07,340","indices","indices","smallcap",""
1630,"Uniparts India Ltd","UNIPARTS","847.2","-0.37%","85,608","industrials","engineering","smallcap",""
1631,"Apex Frozen Foods Ltd","APEX","347.6","-0.37%","1,26,426","fmcg","aquaculture","smallcap",""
1632,"Sunteck Realty Limited","SUNTECK","283","-0.37%","79,920","realty","construction","smallcap",""
1633,"Kothari Petrochemicals Limited","KOTHARIPET","133.52","-0.37%","20,022","energy","petrochemicals","smallcap",""
1634,"Aditya Birla Sun Life Banking ETF","ABSLBANETF","57.05","-0.37%","9,293","indices","indices","smallcap",""
1635,"Essar Shipping Limited","ESSARSHPNG","16.12","-0.37%","48,806","transportation","shipping","smallcap",""
1636,"Nifty50 Value 20","NV20","13.38","-0.37%","1,07,771","indices","indices","smallcap",""
1637,"Nectar Lifesciences Limited","NECLIFE","10.84","-0.37%","1,03,563","healthcare","pharmaceuticals - indian - bulk drugs & formln","smallcap",""
1638,"Sigma Advanced System Ltd","SIGMAADV","946","-0.38%","1,97,475","aerospace & defence","electronics - components","midcap",""
1639,"Cello World Ltd","CELLO","338.5","-0.38%","2,68,152","consumer discretionary","trading","midcap",""
1640,"Avt Natural Products Limited","AVTNPL","92.58","-0.38%","1,96,705","fmcg","solvent extraction","smallcap",""
1641,"Jagran Prakashan Limited","JAGRAN","62.65","-0.38%","2,24,626","media","entertainment / electronic media software","smallcap",""
1642,"Indo Tech Transformers Limited","INDOTECH","3,177.7","-0.39%","25,681","industrials","electric equipment","smallcap",""
1643,"Beml Limited","BEML","2,036.5","-0.39%","1,16,211","aerospace & defence","engineering","midcap",""
1644,"Jk Tyre & Industries Limited","JKTYRE","345.85","-0.39%","7,44,180","auto","tyres","midcap",""
1645,"Adf Foods Limited","ADFFOODS","270.6","-0.39%","51,882","fmcg","food - processing - indian","smallcap",""
1646,"Sterling & Wilson Renewable Energy Ltd","SWSOLAR","176.65","-0.39%","5,32,217","realty","engineering - turnkey services","smallcap",""
1647,"Motilal Oswal Nifty Capital Market ETF","MOCAPITAL","52.97","-0.39%","4,21,273","indices","indices","smallcap",""
1648,"Power Finance Corporation Limited","PFC","338","-0.4%","86,23,661","financials","finance - term-lending institutions","largecap",""
1649,"Gandhar Oil Refinery (India) Ltd","GANDHAR","261.65","-0.4%","3,00,287","energy","refineries","smallcap",""
1650,"Anuh Pharma Ltd","ANUHPHR","90.42","-0.4%","79,711","healthcare","pharmaceuticals - indian - bulk drugs","smallcap",""
1651,"Master Trust Ltd","MASTERTR","84.87","-0.4%","3,62,110","financials","finance & investments","smallcap",""
1652,"Shipping Corporation of India Land & Assets Ltd","SCILAL","37.14","-0.4%","2,03,912","services","miscellaneous","smallcap",""
1653,"Shivam Autotech Limited","SHIVAMAUTO","17.37","-0.4%","44,118","auto","auto ancillaries","smallcap",""
1654,"NIFTYINDDIGITAL","NIFTYINDDIGITAL","8,231.05","-0.41%","0","indices","indices","smallcap",""
1655,"Schaeffler India Ltd","SCHAEFFLER","4,007.7","-0.41%","20,334","industrials","bearings","largecap",""
1656,"Lupin Limited","LUPIN","2,092","-0.41%","4,31,672","healthcare","pharmaceuticals - indian - bulk drugs & formln","largecap",""
1657,"Kriti Nutrients Ltd","KRITINUT","77.49","-0.41%","7,037","fmcg","solvent extraction","smallcap",""
1658,"Grindwell Norton Limited","GRINDWELL","1,972.7","-0.42%","9,040","industrials","abrasives and grinding wheels","largecap",""
1659,"Mallcom (India) Ltd","MALLCOM","946.85","-0.42%","2,494","textiles","textiles - products","smallcap",""
1660,"Banco Products (i) Limited","BANCOINDIA","599.85","-0.42%","44,855","auto","auto ancillaries","midcap",""
1661,"Dr Agarwals Health Care Ltd","AGARWALEYE","500","-0.42%","2,42,336","healthcare","healthcare","midcap",""
1662,"Hitech Corporation","HITECHCORP","330.15","-0.42%","363","industrials","packaging","smallcap",""
1663,"Simplex Infrastructures Limited","SIMPLEXINF","250.7","-0.42%","40,939","realty","construction","smallcap",""
1664,"Indiabulls Nifty50 ETF","IBMFNIFTY","202.26","-0.42%","5,940","indices","indices","smallcap",""
1665,"Indian Oil Corporation Limited","IOC","135.7","-0.42%","77,69,991","energy","refineries","largecap",""
1666,"CL Educate","CLEDUCATE","54.84","-0.42%","27,607","services","miscellaneous","smallcap",""
1667,"Kernex Microsystems (india) Limited","KERNEX","1,693.5","-0.43%","93,740","consumer discretionary","electronics - components","smallcap",""
1668,"Amara Raja Energy & Mobility Ltd","ARE&M","791.95","-0.43%","3,36,412","auto","auto ancillaries","midcap",""
1669,"Kiri Industries Limited","KIRIINDUS","557.5","-0.43%","6,31,430","chemicals","dyes and pigments","smallcap",""
1670,"Deccan Cements Limited","DECCANCE","553.55","-0.43%","13,335","building materials","cement - south india","smallcap",""
1671,"Syngene International Limited","SYNGENE","378.7","-0.43%","1,77,820","healthcare","miscellaneous","midcap",""
1672,"Vedanta Limited","VEDL","266.35","-0.43%","37,68,892","metals & mining","mining / minerals / metals","largecap",""
1673,"CP Capital Limited","CPCAP","153.93","-0.43%","13,613","financials","finance & investments","smallcap",""
1674,"UTI BSE Sensex Next 50 ETF","SNXT50BETA","91.87","-0.43%","1,008","indices","indices","smallcap",""
1675,"Gayatri Projects Limited","GAYAPROJ","22.91","-0.43%","5,05,264","realty","construction","smallcap",""
1676,"Utkarsh Small Finance Bank Ltd","UTKARSHBNK","13.8","-0.43%","39,93,057","bank","banks - private sector","smallcap",""
1677,"Bajaj Consumer Care Ltd","BAJAJCON","499.5","-0.44%","3,05,752","fmcg","personal care - indian","midcap",""
1678,"Pondy Oxides & Chemicals Ltd","POCL","466.8","-0.44%","3,59,098","metals & mining","mining / minerals / metals","smallcap",""
1679,"Wanbury Limited","WANBURY","224.15","-0.44%","1,19,977","healthcare","pharmaceuticals - indian - bulk drugs & formln","smallcap",""
1680,"Punjab National Bank Ltd","PNB","116.6","-0.44%","80,69,096","bank","banks - public sector","largecap",""
1681,"Uniphos Enterprises Limited","UNIENTER","90.1","-0.44%","2,133","services","trading","smallcap",""
1682,"Orient Green Power Company Limited","GREENPOWER","8.96","-0.44%","18,45,566","power & utilities","power generation and supply","smallcap",""
1683,"Jindal Photo Limited","JINDALPHOT","1,058.4","-0.45%","532","financials","finance & investments","smallcap",""
1684,"UTI BSE Sensex ETF","SENSEXBETA","817.29","-0.45%","2,350","indices","indices","smallcap",""
1685,"Gna Axles Limited","GNA","617.65","-0.45%","6,23,477","auto","auto ancillaries","smallcap",""
1686,"Mishra Dhatu Nigam Ltd","MIDHANI","405.05","-0.45%","3,68,821","aerospace & defence","steel - medium / small","midcap",""
1687,"Superhouse Limited","SUPERHOUSE","164.71","-0.45%","4,839","consumer discretionary","leather / leather products","smallcap",""
1688,"Ncc Limited","NCC","132.82","-0.45%","21,18,247","realty","construction","midcap",""
1689,"ICICI Prudential Nifty 200 Momentum 30 ETF","MOM30IETF","30.66","-0.45%","2,86,765","indices","indices","smallcap",""
1690,"Dr. Lal Path Labs Ltd.","LALPATHLAB","1,952.3","-0.46%","4,52,137","healthcare","healthcare","largecap",""
1691,"Computer Age Management Services Ltd","CAMS","707.35","-0.46%","7,63,343","financials","miscellaneous","midcap",""
1692,"Mold-tek Packaging Limited","MOLDTKPAC","669.85","-0.46%","25,483","industrials","packaging","smallcap",""
1693,"Campus Activewear Ltd","CAMPUS","209.99","-0.46%","3,47,831","consumer discretionary","leather / leather products","midcap",""
1694,"Gic Housing Finance Limited","GICHSGFIN","137.32","-0.46%","36,885","financials","finance - housing","smallcap",""
1695,"The State Trading Corporation Of India Limited","STCINDIA","109.35","-0.46%","6,167","services","trading","smallcap",""
1696,"Motilal Oswal Nifty 50 Equal Weight ETF","MON50EQUAL","32.13","-0.46%","42,459","indices","indices","smallcap",""
1697,"NIFTYHEALTHCARE","NIFTYHEALTHCARE","16,678.55","-0.47%","0","indices","indices","smallcap",""
1698,"Tasty Bite Eatables Ltd","TASTYBITE","9,856","-0.47%","1,290","fmcg","food - processing - indian","smallcap",""
1699,"Globus Spirits Limited","GLOBUSSPR","832.55","-0.47%","35,079","fmcg","breweries & distilleries","smallcap",""
1700,"Gokaldas Exports Limited","GOKEX","689.6","-0.47%","1,58,193","readymade garments/apparels","textiles - products","midcap",""
1701,"Universus Photo Imagings Ltd","UNIVPHOTO","547.25","-0.47%","547","consumer discretionary","photographic and allied products","smallcap",""
1702,"Windsor Machines Limited","WINDMACHIN","299.5","-0.47%","25,613","industrials","engineering","smallcap",""
1703,"Bartronics India Ltd","ASMS","6.38","-0.47%","2,48,422","i.t","computers - software - medium / small","smallcap",""
1704,"Accuracy Shipping Ltd","ACCURACY","4.28","-0.47%","85,179","transportation","miscellaneous","smallcap",""
1705,"Glaxosmithkline Pharmaceuticals Limited","GLAXO","2,815.7","-0.48%","15,380","healthcare","pharmaceuticals - multinational","largecap",""
1706,"Tinna Rubber & Infrastructure Ltd","TINNARUBR","978.1","-0.48%","28,833","fmcg","miscellaneous","smallcap",""
1707,"Stove Kraft Ltd","STOVEKRAFT","814.4","-0.48%","53,691","consumer discretionary","domestic appliances","smallcap",""
1708,"Mayur Uniquoters Ltd","MAYURUNIQ","729.6","-0.48%","1,22,295","consumer discretionary","leather / leather products","smallcap",""
1709,"FSN E-Commerce Ventures Ltd","NYKAA","333.7","-0.48%","35,37,870","i.t","trading","largecap",""
1710,"Sri Lotus Developers & Realty Ltd","LOTUSDEV","217.99","-0.48%","7,23,532","realty","construction","midcap",""
1711,"Sula Vineyards Ltd","SULA","135.13","-0.48%","2,86,393","fmcg","breweries & distilleries","smallcap",""
1712,"Thomas Cook  (india)  Limited","THOMASCOOK","103.47","-0.48%","2,09,188","miscellaneous","travel agencies","smallcap",""
1713,"Paisalo Digital Ltd","PAISALO","89.02","-0.48%","77,21,853","financials","finance & investments","midcap",""
1714,"ICICI Prudential Nifty Financial Serv. Ex-Bank ETF","FINIETF","31.1","-0.48%","3,82,407","indices","indices","smallcap",""
1715,"Groww Nifty India Railways PSU ETF","GROWWRAIL","26.75","-0.48%","4,70,644","indices","indices","smallcap",""
1716,"Nova Agritech Ltd","NOVAAGRI","22.9","-0.48%","61,655","chemicals","fertilizers","smallcap",""
1717,"Reliance Power Limited","RPOWER","20.57","-0.48%","1,46,06,424","power & utilities","power generation and supply","midcap",""
1718,"Exxaro Tiles Ltd","EXXARO","6.21","-0.48%","1,41,227","building materials","ceramics - tiles / sanitaryware","smallcap",""
1719,"Kamdhenu Ventures Ltd","KAMOPAINTS","4.19","-0.48%","3,29,674","metals & mining","trading","smallcap",""
1720,"Jsw Holdings Limited","JSWHL","11,062","-0.49%","1,415","financials","finance & investments","midcap",""
1721,"Blue Jet Healthcare Ltd","BLUEJET","570.65","-0.49%","2,49,831","healthcare","pharmaceuticals - indian - bulk drugs & formln","midcap",""
1722,"Aadhar Housing Finance Ltd","AADHARHFC","444.5","-0.49%","4,40,466","financials","finance - housing","midcap",""
1723,"JNK India Ltd","JNKINDIA","420.4","-0.49%","95,931","realty","engineering - turnkey services","smallcap",""
1724,"Afcons Infrastructure Ltd","AFCONS","252.5","-0.49%","4,34,570","realty","construction","midcap",""
1725,"Bayer Cropscience Limited","BAYERCROP","3,717.6","-0.5%","17,650","chemicals","pesticides / agrochemicals - multinational","midcap",""
1726,"Hind Rectifiers Limited","HIRECT","1,212.9","-0.5%","24,429","consumer discretionary","electronics - components","smallcap",""
1727,"Nippon India ETF Hang Seng Bees","HNGSNGBEES","457.74","-0.5%","77,439","indices","indices","smallcap",""
1728,"Pasupati Acrylon Ltd","PASUPTAC","75.87","-0.5%","2,78,575","textiles","textiles - manmade","smallcap",""
1729,"Cinevista Limited","CINEVISTA","14.04","-0.5%","8,262","realty","construction","smallcap",""
1730,"Hindalco Industries Limited","HINDALCO","977","-0.51%","24,69,481","metals & mining","aluminium and aluminium products","largecap",""
1731,"Wealth First Portfolio Managers Ltd","WEALTH","834.95","-0.51%","51,360","financials","finance & investments","smallcap",""
1732,"Krsnaa Diagnostics Ltd","KRSNAA","548.45","-0.51%","23,523","healthcare","healthcare","smallcap",""
1733,"L T Foods Ltd","LTFOODS","422.35","-0.51%","2,48,790","fmcg","food - processing - indian","midcap",""
1734,"Ptc India Limited","PTC","155.09","-0.51%","9,97,223","power & utilities","trading","smallcap",""
1735,"Nandani Creation Ltd","JAIPURKURT","25.13","-0.51%","34,887","textiles","textiles - products","smallcap",""
1736,"NIFTYMIDLIQ15","NIFTYMIDLIQ15","16,584.25","-0.52%","0","indices","indices","smallcap",""
1737,"Uno Minda Ltd","UNOMINDA","1,218","-0.52%","2,72,547","auto","auto ancillaries","largecap",""
1738,"The Ramco Cements Limited","RAMCOCEM","867.55","-0.52%","3,01,245","building materials","cement - south india","largecap",""
1739,"Rossari Biotech Ltd","ROSSARI","444.2","-0.52%","20,447","chemicals","chemicals","smallcap",""
1740,"General Insurance Corporation of India Ltd","GICRE","337.5","-0.52%","2,62,473","financials","finance & investments","largecap",""
1741,"Max India Ltd","MAXIND","148.45","-0.52%","16,908","financials","finance & investments","smallcap",""
1742,"Bhansali Engineering Polymers Limited","BEPL","126.43","-0.52%","8,72,863","energy","petrochemicals","smallcap",""
1743,"Navneet Education Limited","NAVNETEDUL","122.76","-0.52%","70,780","miscellaneous","printing & stationery","smallcap",""
1744,"Aeroflex Neu Ltd","AERONEU","80.22","-0.52%","2,88,275","industrials","packaging","smallcap",""
1745,"Manorama Industries Ltd","MANORAMA","1,872.8","-0.53%","1,17,509","fmcg","food - processing - indian","midcap",""
1746,"Unichem Laboratories Limited","UNICHEMLAB","549.7","-0.53%","50,490","healthcare","pharmaceuticals - indian - bulk drugs & formln","smallcap",""
1747,"Hexaware Technologies Ltd","HEXT","496.7","-0.53%","62,991","n/a","indices","smallcap",""
1748,"BEML Land Assets Ltd","BLAL","161.96","-0.53%","41,047","realty","construction","smallcap",""
1749,"Lemon Tree Hotels Ltd","LEMONTREE","106.15","-0.53%","18,51,366","services","hotels","midcap",""
1750,"Den Networks Limited","DEN","26.38","-0.53%","2,71,603","media","entertainment / electronic media software","smallcap",""
1751,"Indian Railway Catering & Tourism Corporation Ltd","IRCTC","458.7","-0.54%","3,62,569","transportation","travel agencies","largecap",""
1752,"Agarwal Industrial Corporation Limited","AGARIND","397.9","-0.54%","35,549","energy","petrochemicals","smallcap",""
1753,"Railtel Corporation of India Ltd","RAILTEL","260.15","-0.54%","3,92,954","transportation","telecommunications - service provider","midcap",""
1754,"Indraprastha Gas Limited","IGL","144.95","-0.54%","9,75,286","energy","miscellaneous","largecap",""
1755,"Maral Overseas Limited","MARALOVER","58.61","-0.54%","6,753","textiles","textiles - cotton/blended","smallcap",""
1756,"NIFTYEES","NIFTYEES","22,705","-0.55%","20","indices","indices","smallcap",""
1757,"Indo Borax & Chemicals Ltd","INDOBORAX","449.95","-0.55%","37,260","chemicals","chemicals","smallcap",""
1758,"Shivalik Rasayan Ltd","SHIVALIK","408.45","-0.55%","67,598","chemicals","pesticides / agrochemicals - indian","smallcap",""
1759,"Advanced Enzyme Technologies Limited","ADVENZYMES","291.15","-0.55%","1,85,804","healthcare","pharmaceuticals - indian - bulk drugs & formln","smallcap",""
1760,"Aegis Vopak Terminals Ltd","AEGISVOPAK","287.5","-0.55%","6,73,754","transportation","miscellaneous","largecap",""
1761,"Crompton Greaves Consumer Electricals Limited","CROMPTON","218.6","-0.55%","13,74,776","consumer discretionary","electric equipment","midcap",""
1762,"Puravankara Projects Limited","PURVA","213.87","-0.55%","78,727","realty","construction","midcap",""
1763,"Texmaco Infrastructure & Holdings Limited","TEXINFRA","118.25","-0.55%","1,38,397","realty","construction","smallcap",""
1764,"Credo Brands Marketing Ltd","MUFTI","72.14","-0.55%","31,152","consumer discretionary","trading","smallcap",""
1765,"Groww Nifty 200 ETF","GROWWN200","10.91","-0.55%","42,885","indices","indices","smallcap",""
1766,"Jyoti Structures Limited","JYOTISTRUC","9.03","-0.55%","64,79,450","industrials","transmisson line towers / equipment","smallcap",""
1767,"Cummins India Limited","CUMMINSIND","4,945","-0.56%","3,37,303","industrials","engines","largecap",""
1768,"Asahi India Glass Limited","ASAHIINDIA","959.95","-0.56%","75,822","building materials","glass & glass products","largecap",""
1769,"The Ruby Mills Limited","RUBYMILLS","491.85","-0.56%","13,428","textiles","textiles - composite","smallcap",""
1770,"PDS Ltd","PDSL","357.65","-0.56%","61,436","textiles","trading","midcap",""
1771,"Banswara Syntex Limited","BANSWRAS","108.73","-0.56%","16,084","textiles","textiles - spinning - synthetic / blended","smallcap",""
1772,"Damodar Industries Limited","DAMODARIND","28.45","-0.56%","3,496","textiles","textiles - spinning - synthetic / blended","smallcap",""
1773,"Urja Global Ltd","URJA","8.95","-0.56%","5,03,556","auto","automobiles - motorcycles / mopeds","smallcap",""
1774,"Lg Balakrishnan & Bros Limited","LGBBROSLTD","1,735.3","-0.57%","16,354","auto","bearings","midcap",""
1775,"Sharda Motor Industries Limited","SHARDAMOTR","956.35","-0.57%","45,449","auto","auto ancillaries","midcap",""
1776,"Apcotex Industries Limited","APCOTEXIND","599.4","-0.57%","86,241","chemicals","miscellaneous","smallcap",""
1777,"Jeena Sikho Lifecare Ltd","JSLL","508.25","-0.57%","1,62,157","healthcare","trading","midcap",""
1778,"Panacea Biotec Limited","PANACEABIO","372.6","-0.57%","74,313","healthcare","pharmaceuticals - indian - bulk drugs & formln","smallcap",""
1779,"Ramco Industries Limited","RAMCOIND","319.95","-0.57%","65,040","building materials","cement products","smallcap",""
1780,"Amines & Plasticizers Ltd","AMNPLST","163.15","-0.57%","1,067","chemicals","chemicals","smallcap",""
1781,"Nath Bio-genes (india) Limited","NATHBIOGEN","149.35","-0.57%","9,940","fmcg","miscellaneous","smallcap",""
1782,"Motilal Oswal Nifty India Tourism ETF","MOTOUR","76.7","-0.57%","7,082","indices","indices","smallcap",""
1783,"Paramount Communications Limited","PARACABLES","59.81","-0.57%","18,52,499","industrials","cables - power","smallcap",""
1784,"HDFC Nifty Midcap 150 ETF","HDFCMID150","22.7","-0.57%","6,99,608","indices","indices","smallcap",""
1785,"Vakrangee Limited","VAKRANGEE","5.27","-0.57%","12,96,324","i.t","computers - software - medium / small","smallcap",""
1786,"Bharti Airtel Limited","BHARTIARTL","1,785.4","-0.58%","47,66,200","telecom-service","telecommunications - service provider","largecap",""
1787,"Icici Bank Limited","ICICIBANK","1,326.8","-0.58%","1,08,41,310","bank","banks - private sector","largecap",""
1788,"Pricol Ltd.","PRICOLLTD","759.4","-0.58%","1,43,267","auto","auto ancillaries","midcap",""
1789,"Matrimony.com Ltd","MATRIMONY","535.4","-0.58%","2,598","miscellaneous","miscellaneous","smallcap",""
1790,"Tata Nifty ETF","NETF","253.62","-0.58%","2,003","indices","indices","smallcap",""
1791,"Quick Heal Technologies Limited","QUICKHEAL","147.04","-0.58%","74,851","i.t","computers - software - medium / small","smallcap",""
1792,"Inspirisys Solutions Ltd","INSPIRISYS","88.48","-0.58%","5,958","i.t","computers - software - medium / small","smallcap",""
1793,"Gokul Refoils And Solvent Limited","GOKUL","39.69","-0.58%","1,45,483","fmcg","trading","smallcap",""
1794,"Signpost India Ltd","SIGNPOST","271.2","-0.59%","24,226","miscellaneous","miscellaneous","smallcap",""
1795,"Jupiter Wagons Ltd","JWL","226.73","-0.59%","6,76,385","industrials","engineering","midcap",""
1796,"Entertainment Network (india) Limited","ENIL","99.07","-0.59%","9,298","media","entertainment / electronic media software","smallcap",""
1797,"Indo US Bio-Tech Ltd","INDOUS","77.6","-0.59%","2,473","fmcg","miscellaneous","smallcap",""
1798,"Kalpataru Projects International Ltd","KPIL","1,391.2","-0.6%","1,28,530","realty","transmisson line towers / equipment","largecap",""
1799,"Raymond Limited","RAYMOND","1,196.65","-0.6%","31,00,301","transportation","transport - airlines","midcap",""
1800,"Dodla Dairy Ltd","DODLA","1,039.4","-0.6%","14,762","fmcg","food - processing - indian","midcap",""
1801,"NINtec Systems Ltd","NINSYS","708.75","-0.6%","2,004","i.t","computers - software - medium / small","smallcap",""
1802,"Bansal Wire Industries Ltd","BANSALWIRE","321.4","-0.6%","55,601","metals & mining","steel - medium / small","midcap",""
1803,"Aartech Solonics Ltd","AARTECH","50.11","-0.6%","10,014","industrials","electric equipment","smallcap",""
1804,"Motilal Oswal S&P BSE Low Volatility ETF","MOLOWVOL","34.92","-0.6%","2,153","indices","indices","smallcap",""
1805,"63 Moons Technologies Ltd","63MOONS","857.65","-0.61%","1,80,556","i.t","computers - software - medium / small","smallcap",""
1806,"Lincoln Pharmaceuticals Limited","LINCOLN","591","-0.61%","24,670","healthcare","pharmaceuticals - indian - formulations","smallcap",""
1807,"Gopal Snacks Ltd","GOPAL","260.95","-0.61%","1,03,108","fmcg","food - processing - indian","smallcap",""
1808,"Aditya Birla Sun Life CRISIL Broad Based Gilt ETF","ABGSEC","113.26","-0.61%","1,021","indices","indices","smallcap",""
1809,"Alembic Limited","ALEMBICLTD","106.53","-0.61%","7,43,150","realty","construction","smallcap",""
1810,"Ircon International Ltd","IRCON","105.95","-0.61%","20,92,105","realty","construction","midcap",""
1811,"Nalwa Sons Investments Limited","NSIL","5,468","-0.62%","1,308","financials","finance & investments","smallcap",""
1812,"DDev Plastiks Industries Ltd","DDEVPLSTIK","256.15","-0.62%","81,482","chemicals","chemicals","smallcap",""
1813,"Mphasis Limited","MPHASIS","2,234","-0.63%","1,97,680","i.t","computers - software - large","largecap",""
1814,"Arman Financial Services Limited","ARMANFIN","1,885.6","-0.63%","16,327","financials","finance & investments","smallcap",""
1815,"Pix Transmission Ltd","PIXTRANS","1,734.8","-0.63%","5,689","fmcg","miscellaneous","smallcap",""
1816,"Rane Holdings Limited","RANEHOLDIN","1,580.6","-0.63%","3,105","financials","finance & investments","smallcap",""
1817,"Synergy Green Industries Ltd","SGIL","642.5","-0.63%","4,595","castings, forgings & fasteners","castings & forgings","smallcap",""
1818,"AvenuesAI Ltd","CCAVENUE","15.89","-0.63%","61,33,145","i.t","miscellaneous","midcap",""
1819,"Axita Cotton Ltd","AXITA","7.95","-0.63%","8,15,658","textiles","textiles - products","smallcap",""
1820,"Affle India Ltd","AFFLE","1,578","-0.64%","1,13,281","i.t","computers - software - medium / small","largecap",""
1821,"UTI Nifty 10 yr Benchmark G-Sec ETF","GILT10BETA","26.46","-0.64%","1,503","indices","indices","smallcap",""
1822,"Gillette India Limited","GILLETTE","7,072","-0.65%","22,019","fmcg","personal care - multinational","largecap",""
1823,"Sanofi Consumer Healthcare India Ltd","SANOFICONR","3,945.3","-0.65%","3,342","healthcare","pharmaceuticals - multinational","midcap",""
1824,"Endurance Technologies Limited","ENDURANCE","2,645.9","-0.65%","1,08,756","auto","auto ancillaries","largecap",""
1825,"Mirae Asset BSE Select IPO ETF","SELECTIPO","47.2","-0.65%","63,354","indices","indices","smallcap",""
1826,"K.p.r. Mill Limited","KPRMILL","1,106.4","-0.66%","79,073","readymade garments/apparels","textiles - products","largecap",""
1827,"SRM Contractors Ltd","SRM","416.25","-0.66%","21,282","realty","construction","smallcap",""
1828,"Jk Paper Limited","JKPAPER","408.45","-0.66%","1,91,915","building materials","paper","midcap",""
1829,"BLS E-Services Ltd","BLSE","324.55","-0.66%","2,42,706","i.t","computers - software - medium / small","smallcap",""
1830,"Gail (india) Limited","GAIL","172.7","-0.66%","54,54,851","energy","miscellaneous","largecap",""
1831,"The Jammu & Kashmir Bank Limited","J&KBANK","146.1","-0.66%","12,14,432","bank","banks - private sector","midcap",""
1832,"Hmt Limited","HMT","61.31","-0.66%","4,216","consumer discretionary","miscellaneous","midcap",""
1833,"Brooks Laboratories Limited","BROOKS","59.01","-0.66%","31,872","healthcare","pharmaceuticals - indian - bulk drugs & formln","smallcap",""
1834,"Shankar Lal Rampal Dye-Chem Ltd","SRD","39.19","-0.66%","4,387","chemicals","trading","smallcap",""
1835,"Ambika Cotton Mills Limited","AMBIKCO","1,546.1","-0.67%","2,720","textiles","textiles - cotton/blended","smallcap",""
1836,"UTI Asset Management Company Ltd","UTIAMC","901.85","-0.67%","52,484","financials","finance & investments","midcap",""
1837,"Marico Limited","MARICO","819","-0.67%","4,59,905","fmcg","solvent extraction","largecap",""
1838,"Vrl Logistics Limited","VRLLOG","289.7","-0.67%","1,18,757","transportation","miscellaneous","midcap",""
1839,"Viyash Scientific Ltd","VIYASH","244.35","-0.67%","13,25,870","healthcare","pharmaceuticals - indian - bulk drugs & formln","midcap",""
1840,"Latent View Analytics Ltd","LATENTVIEW","243.75","-0.67%","3,82,848","i.t","computers - software - medium / small","midcap",""
1841,"Fedbank Financial Services Ltd","FEDFINA","151.68","-0.67%","9,56,913","financials","finance & investments","midcap",""
1842,"Ambica Agarbathies Aroma & Industries Ltd","AMBICAAGAR","25.22","-0.67%","63,838","chemicals","chemicals","smallcap",""
1843,"Venky's (india) Limited","VENKEYS","1,652.8","-0.68%","19,252","fmcg","miscellaneous","smallcap",""
1844,"Zota Health Care Ltd","ZOTA","1,336.6","-0.68%","30,110","healthcare","pharmaceuticals - indian - bulk drugs & formln","smallcap",""
1845,"Jsw Energy Limited","JSWENERGY","506.55","-0.68%","19,16,836","power & utilities","power generation and supply","largecap",""
1846,"Exide Industries Limited","EXIDEIND","423.65","-0.68%","18,64,971","auto","auto ancillaries","largecap",""
1847,"Omax Autos Limited","OMAXAUTO","200.24","-0.68%","52,206","auto","auto ancillaries","smallcap",""
1848,"Jyoti CNC Automation Ltd","JYOTICNC","1,065.1","-0.69%","7,93,087","industrials","engineering","largecap",""
1849,"LIC Nomura MF ETF - SENSEX","LICNETFSEN","829.39","-0.69%","66","indices","indices","smallcap",""
1850,"Northern ARC Capital Ltd","NORTHARC","300.9","-0.69%","5,08,385","financials","finance & investments","smallcap",""
1851,"Health X Platform Ltd","HEALTHX","288.65","-0.69%","9,343","financials","finance & investments","smallcap",""
1852,"Jagsonpal Pharmaceuticals Limited","JAGSNPHARM","242.29","-0.69%","5,65,222","healthcare","pharmaceuticals - indian - bulk drugs & formln","smallcap",""
1853,"Sagility India Ltd","SAGILITY","44.69","-0.69%","96,23,863","i.t","computers - software - medium / small","largecap",""
1854,"Vesuvius India Limited","VESUVIUS","389.1","-0.7%","51,904","building materials","refractories / intermediates","midcap",""
1855,"Mangal Electrical Industries Ltd","MEIL","270.8","-0.7%","28,972","industrials","electric equipment","smallcap",""
1856,"Regaal Resources Ltd","REGAAL","89.98","-0.7%","2,31,775","miscellaneous","miscellaneous","smallcap",""
1857,"Tata Nifty India Digital ETF","TNIDETF","85.7","-0.7%","60,997","indices","indices","smallcap",""
1858,"Ramkrishna Forgings Limited","RKFORGE","704.5","-0.71%","2,85,768","castings, forgings & fasteners","castings & forgings","midcap",""
1859,"Antony Waste Handling Cell Ltd","AWHCL","378.35","-0.71%","59,816","miscellaneous","miscellaneous","smallcap",""
1860,"Manba Finance Ltd","MANBA","139.35","-0.71%","86,634","financials","finance & investments","smallcap",""
1861,"Kriti Industries (India) Ltd","KRITI","61.21","-0.71%","6,972","plastic products","plastics products","smallcap",""
1862,"Oricon Enterprises Limited","ORICONENT","51.4","-0.71%","12,725","services","trading","smallcap",""
1863,"Cambridge Technology Enterprises Limited","CTE","43.48","-0.71%","2,620","i.t","computers - software - medium / small","smallcap",""
1864,"Kanani Industries Limited","KANANIIND","1.4","-0.71%","83,916","consumer discretionary","diamond cutting / jewellery","smallcap",""
1865,"Global Health Ltd","MEDANTA","1,495.4","-0.72%","1,58,143","healthcare","healthcare","largecap",""
1866,"360 ONE WAM Ltd","360ONE","1,073","-0.72%","7,38,050","financials","finance & investments","largecap",""
1867,"Automotive Stampings And Assemblies Limited","ASAL","438.5","-0.72%","17,737","auto","auto ancillaries","smallcap",""
1868,"Canara Bank Ltd","CANBK","124.99","-0.72%","83,41,932","bank","banks - public sector","largecap",""
1869,"Kuantum Papers Ltd","KUANTUM","79.59","-0.72%","97,440","building materials","paper","smallcap",""
1870,"HILINFRA","HILINFRA","42.86","-0.72%","86,095","n/a","indices","smallcap",""
1871,"Aban Offshore Limited","ABAN","13.85","-0.72%","25,867","energy","oil drilling / allied services","smallcap",""
1872,"NIFTYCAPITALMKT","NIFTYCAPITALMKT","5,259.25","-0.73%","0","indices","indices","smallcap",""
1873,"Centum Electronics Limited","CENTUM","4,802.3","-0.73%","73,380","aerospace & defence","electronics - components","midcap",""
1874,"Goa Carbon Limited","GOACARBON","401.8","-0.73%","14,667","energy","petrochemicals","smallcap",""
1875,"Indo Farm Equipment Ltd","INDOFARM","138.16","-0.73%","89,452","industrials","engineering","smallcap",""
1876,"Ace Integrated Solutions Ltd","ACEINTEG","17.58","-0.73%","1,030","miscellaneous","diversified - medium / small","smallcap",""
1877,"SBI Life Insurance Company Ltd","SBILIFE","1,742","-0.74%","10,18,504","financials","finance & investments","largecap",""
1878,"Five-Star Business Finance Ltd","FIVESTAR","520.95","-0.74%","9,30,721","financials","finance & investments","midcap",""
1879,"Sumitomo Chemical India Ltd","SUMICHEM","446.35","-0.74%","1,05,623","chemicals","pesticides / agrochemicals - indian","largecap",""
1880,"The United Nilgiri Tea Estates Company Limited","UNITEDTEA","425.1","-0.74%","2,416","fmcg","tea","smallcap",""
1881,"Eih Limited","EIHOTEL","294.7","-0.74%","1,20,396","services","hotels","midcap",""
1882,"Cantabil Retail India Limited","CANTABIL","236.75","-0.74%","96,663","textiles","textiles - products","smallcap",""
1883,"Capacite Infraprojects Ltd","CAPACITE","191.14","-0.74%","1,62,257","realty","construction","smallcap",""
1884,"Amrutanjan Health Care Limited","AMRUTANJAN","506.35","-0.75%","16,785","healthcare","pharmaceuticals - indian - formulations","smallcap",""
1885,"Garuda Construction and Engineering Ltd","GARUDA","176.87","-0.75%","4,07,274","realty","engineering - turnkey services","smallcap",""
1886,"Rubfila International Ltd","RUBFILA","63.31","-0.75%","56,164","fmcg","miscellaneous","smallcap",""
1887,"Gabriel India Limited","GABRIEL","1,386.7","-0.76%","1,41,245","auto","auto ancillaries","largecap",""
1888,"Schneider Electric Infrastructure Limited","SCHNEIDER","1,209.5","-0.76%","1,69,734","industrials","electric equipment","largecap",""
1889,"R Systems International Limited","RSYSTEMS","235.62","-0.76%","1,28,718","i.t","computers - software - medium / small","smallcap",""
1890,"Motilal Oswal Nifty Alpha 50 ETF","MOALPHA50","54.59","-0.76%","7,364","indices","indices","smallcap",""
1891,"Alankit Limited","ALANKIT","7.85","-0.76%","1,29,468","i.t","computers - software - medium / small","smallcap",""
1892,"Gujarat Fluorochemicals Ltd","FLUOROCHEM","4,441.4","-0.77%","37,518","chemicals","chemicals","largecap",""
1893,"Mahanagar Gas Limited","MGL","1,071.3","-0.77%","1,04,630","energy","miscellaneous","midcap",""
1894,"Sjvn Limited","SJVN","61.76","-0.77%","19,07,772","power & utilities","power generation and supply","largecap",""
1895,"Procter & Gamble Hygiene And Health Care Limited","PGHH","7,037.5","-0.78%","15,709","fmcg","personal care - multinational","largecap",""
1896,"Monarch Networth Capital Ltd","MONARCH","362.75","-0.78%","27,569","financials","finance & investments","smallcap",""
1897,"The Karnataka Bank Limited","KTKBANK","335.5","-0.78%","6,80,592","bank","banks - private sector","midcap",""
1898,"Bajaj Electricals Limited","BAJAJELEC","318.95","-0.78%","1,07,647","consumer discretionary","domestic appliances","smallcap",""
1899,"Ruchi Infrastructure Limited","RUCHINFRA","5.09","-0.78%","32,572","miscellaneous","miscellaneous","smallcap",""
1900,"Alkyl Amines Chemicals Limited","ALKYLAMINE","1,847.7","-0.79%","15,775","chemicals","chemicals","midcap",""
1901,"Indusind Bank Limited","INDUSINDBK","912.2","-0.79%","14,26,025","bank","banks - private sector","largecap",""
1902,"Lokesh Machines Limited","LOKESHMACH","340.2","-0.79%","20,313","industrials","engineering","smallcap",""
1903,"Tera Software Ltd","TERASOFT","218.9","-0.79%","26,068","i.t","computers - software - medium / small","smallcap",""
1904,"Sukhjit Starch & Chemicals Ltd","SUKHJITS","159.86","-0.79%","22,795","fmcg","miscellaneous","smallcap",""
1905,"Jindal Poly Investment And Finance Company Limited","JPOLYINVST","957.05","-0.8%","2,807","financials","finance & investments","smallcap",""
1906,"Vishnu Chemicals Limited","VISHNU","697.65","-0.8%","66,047","chemicals","chemicals","smallcap",""
1907,"Oil India Limited","OIL","475.15","-0.8%","6,66,997","energy","oil drilling / allied services","largecap",""
1908,"Tarsons Products Ltd","TARSONS","332.75","-0.8%","97,118","healthcare","miscellaneous","smallcap",""
1909,"Shipping Corporation Of India Limited","SCI","274.4","-0.8%","8,40,491","transportation","shipping","midcap",""
1910,"Jupiter Life Line Hospitals Ltd","JLHL","265.65","-0.8%","58,557","healthcare","healthcare","smallcap",""
1911,"Loyal Textile Mills Ltd","LOYALTEX","222.19","-0.8%","993","textiles","textiles - composite","smallcap",""
1912,"Fino Payments Bank Ltd","FINOPB","128.25","-0.8%","1,71,278","bank","banks - private sector","smallcap",""
1913,"Kavveri Defence & Wireless Technologies Ltd","KAVDEFENCE","82.34","-0.8%","1,85,913","aerospace & defence","telecommunications - equipment","smallcap",""
1914,"Kokuyo Camlin Limited","KOKUYOCMLN","76.03","-0.8%","9,366","miscellaneous","printing & stationery","smallcap",""
1915,"DigiSpice Technologies Ltd","DIGISPICE","16.08","-0.8%","1,11,103","i.t","computers - software - medium / small","smallcap",""
1916,"Jindal Poly Films Limited","JINDALPOLY","694.1","-0.81%","13,867","textiles","textiles - products","smallcap",""
1917,"Alphageo (india) Limited","ALPHAGEO","283.15","-0.81%","5,927","miscellaneous","miscellaneous","smallcap",""
1918,"Emkay Global Financial Services Limited","EMKAY","270.35","-0.81%","48,704","financials","finance & investments","smallcap",""
1919,"Liberty Shoes Limited","LIBERTSHOE","235.92","-0.81%","21,983","consumer discretionary","leather / leather products","smallcap",""
1920,"EFC (I) Ltd","EFCIL","179.74","-0.81%","62,842","realty","construction","smallcap",""
1921,"Sumit Woods Ltd","SUMIT","49.19","-0.81%","54,349","realty","construction","smallcap",""
1922,"Vikas Lifecare Ltd","VIKASLIFE","1.23","-0.81%","13,20,140","services","trading","smallcap",""
1923,"Xpro India Limited","XPROINDIA","1,197.1","-0.82%","45,394","industrials","packaging","smallcap",""
1924,"West Coast Paper Mills Limited","WSTCSTPAPR","731.9","-0.82%","1,79,172","building materials","paper","smallcap",""
1925,"Nippon India ETF Nifty Midcap 150","MID150BEES","231.12","-0.82%","9,42,928","indices","indices","smallcap",""
1926,"Kitex Garments Limited","KITEX","117.68","-0.82%","5,51,363","readymade garments/apparels","textiles - products","smallcap",""
1927,"Sinclairs Hotels Ltd","SINCLAIR","78.96","-0.82%","9,410","services","hotels","smallcap",""
1928,"Pnb Gilts Limited","PNBGILTS","74.73","-0.82%","1,91,265","financials","finance & investments","smallcap",""
1929,"Jai Balaji Industries Limited","JAIBALAJI","64.96","-0.82%","2,26,361","metals & mining","steel - large","midcap",""
1930,"Network18 Media & Investments Limited","NETWORK18","26.75","-0.82%","28,97,376","media","entertainment / electronic media software","smallcap",""
1931,"Hilton Metal Forging Limited","HILTON","16.85","-0.82%","87,300","castings, forgings & fasteners","castings & forgings","smallcap",""
1932,"Hester Biosciences Limited","HESTERBIO","2,182.9","-0.83%","1,571","healthcare","pharmaceuticals - indian - formulations","smallcap",""
1933,"Nuvama Wealth Management Ltd","NUVAMA","1,681.4","-0.83%","6,74,021","financials","finance & investments","largecap",""
1934,"Kirloskar Pneumatic Company Ltd","KIRLPNU","691.95","-0.83%","72,155","industrials","compressors / drilling equipment","smallcap",""
1935,"Gujarat Mineral Development Corporation Limited","GMDCLTD","538","-0.83%","6,94,551","metals & mining","mining / minerals / metals","midcap",""
1936,"Ashapura Minechem Limited","ASHAPURMIN","506.5","-0.83%","1,68,617","metals & mining","mining / minerals / metals","smallcap",""
1937,"ICICI Prudential S&P BSE Midcap Select ETF","MIDSELIETF","19.03","-0.83%","4,15,830","indices","indices","smallcap",""
1938,"Compucom Software Limited","COMPUSOFT","13.19","-0.83%","11,907","i.t","computers - education","smallcap",""
1939,"Usha Martin Limited","USHAMART","518.8","-0.84%","4,04,445","metals & mining","steel - medium / small","midcap",""
1940,"ACME Solar Holdings Ltd","ACMESOLAR","442.9","-0.84%","30,82,821","realty","engineering - turnkey services","largecap",""
1941,"Delhivery Ltd","DELHIVERY","422.7","-0.84%","33,34,319","transportation","miscellaneous","largecap",""
1942,"Mahanagar Telephone Nigam Limited","MTNL","23.61","-0.84%","4,00,259","telecom","telecommunications - service provider","smallcap",""
1943,"Vijaya Diagnostic Centre Ltd","VIJAYA","1,513.6","-0.85%","58,184","healthcare","healthcare","midcap",""
1944,"Indian Metals & Ferro Alloys Limited","IMFA","1,230.4","-0.85%","59,887","metals & mining","mining / minerals / metals","midcap",""
1945,"Dhunseri Investments Limited","DHUNINV","982.8","-0.85%","166","financials","finance & investments","smallcap",""
1946,"RPSG Ventures Ltd","RPSGVENT","837.3","-0.85%","25,180","i.t","computers - software - medium / small","smallcap",""
1947,"Aia Engineering Limited","AIAENG","3,919.4","-0.86%","19,038","castings, forgings & fasteners","castings & forgings","largecap",""
1948,"Deepak Nitrite Limited","DEEPAKNTR","1,587.1","-0.86%","69,925","chemicals","chemicals","largecap",""
1949,"Apollo Micro Systems Ltd","APOLLO","395.6","-0.86%","39,29,756","aerospace & defence","electronics - components","midcap",""
1950,"Ester Industries Limited","ESTER","86.14","-0.86%","24,329","industrials","packaging","smallcap",""
1951,"Linde India Limited","LINDEINDIA","6,142.5","-0.87%","9,751","chemicals","chemicals","largecap",""
1952,"Narayana Hrudayalaya Ltd.","NH","1,861.4","-0.87%","88,949","healthcare","healthcare","largecap",""
1953,"Texmaco Rail & Engineering Limited","TEXRAIL","125.67","-0.87%","34,85,269","industrials","engineering","midcap",""
1954,"Suryalakshmi Cotton Mills Limited","SURYALAXMI","57","-0.87%","3,319","textiles","textiles - cotton/blended","smallcap",""
1955,"NMDC Steel Ltd","NSLNISP","42.17","-0.87%","29,05,193","metals & mining","steel - large","midcap",""
1956,"NIFTYMIDSMLHLTH","NIFTYMIDSMLHLTH","52,417.8","-0.88%","0","indices","indices","smallcap",""
1957,"Knowledge Marine & Engineering Works Ltd","KMEW","2,865.1","-0.88%","31,064","transportation","miscellaneous","midcap",""
1958,"India Tourism Development Corporation Ltd","ITDC","679.7","-0.88%","76,097","services","hotels","midcap",""
1959,"Intellect Design Arena Limited","INTELLECT","633.05","-0.88%","2,18,132","i.t","computers - software - medium / small","midcap",""
1960,"Redtape Ltd","REDTAPE","121.05","-0.88%","5,07,124","consumer discretionary","trading","midcap",""
1961,"Cemindia Projects Ltd","CEMPRO","1,257.2","-0.89%","1,11,230","realty","construction","largecap",""
1962,"Godavari Biorefineries Ltd","GODAVARIB","236.52","-0.89%","50,525","fmcg","sugar","smallcap",""
1963,"Standard Industries Limited","SIL","16.74","-0.89%","28,440","textiles","trading","smallcap",""
1964,"Globe Textiles (India) Ltd","GLOBE","2.24","-0.89%","4,16,495","textiles","textiles - products","smallcap",""
1965,"eMudhra Ltd","EMUDHRA","653.45","-0.9%","4,09,910","i.t","computers - software - medium / small","midcap",""
1966,"Goodluck India Limited","GOODLUCK","525.65","-0.9%","2,39,704","metals & mining","steel - medium / small","midcap",""
1967,"Sanstar Ltd","SANSTAR","108.42","-0.9%","55,139","fmcg","miscellaneous","smallcap",""
1968,"Power Mech Projects Limited","POWERMECH","2,407.3","-0.91%","20,848","realty","engineering - turnkey services","midcap",""
1969,"Emami Realty Ltd","EMAMIREAL","68.4","-0.91%","28,025","realty","construction","smallcap",""
1970,"Madras Fertilizers Limited","MADRASFERT","60.17","-0.91%","29,816","chemicals","fertilizers","smallcap",""
1971,"Osia Hyper Retail Ltd","OSIAHYPER","2.19","-0.91%","3,58,070","consumer discretionary","trading","smallcap",""
1972,"Cosmo First Ltd","COSMOFIRST","849.4","-0.92%","32,823","industrials","packaging","smallcap",""
1973,"Associated Alcohols & Breweries Ltd","ASALCBR","644.95","-0.93%","81,437","fmcg","breweries & distilleries","smallcap",""
1974,"Krystal Integrated Services Ltd","KRYSTAL","631.55","-0.93%","6,661","miscellaneous","miscellaneous","smallcap",""
1975,"Angel One Ltd","ANGELONE","288","-0.93%","28,92,227","financials","finance & investments","largecap",""
1976,"Kotak Nifty 50 ETF","KOTAKNIFTY","235.18","-0.93%","3,26,340","indices","indices","smallcap",""
1977,"Sapphire Foods India Ltd","SAPPHIRE","223.61","-0.93%","3,66,017","consumer discretionary","hotels","midcap",""
1978,"Jyothy Laboratories Limited","JYOTHYLAB","191.07","-0.93%","3,24,174","fmcg","personal care - indian","midcap",""
1979,"Pnc Infratech Limited","PNCINFRA","135.45","-0.93%","14,45,306","realty","construction","smallcap",""
1980,"Rajesh Exports Limited","RAJESHEXPO","67.44","-0.93%","96,427","consumer discretionary","diamond cutting / jewellery","smallcap",""
1981,"Kamdhenu Limited","KAMDHENU","39.96","-0.94%","4,83,951","metals & mining","steel - medium / small","smallcap",""
1982,"Laurus Labs Limited","LAURUSLABS","2,007","-0.95%","14,42,142","healthcare","pharmaceuticals - indian - bulk drugs & formln","largecap",""
1983,"Aditya Birla Sun Life AMC Ltd","ABSLAMC","1,014.5","-0.95%","1,12,917","financials","finance & investments","largecap",""
1984,"Hindustan Foods Ltd","HNDFDS","612.35","-0.95%","24,358","fmcg","diversified - large","midcap",""
1985,"Elgi Equipments Limited","ELGIEQUIP","603","-0.95%","2,13,480","industrials","compressors / drilling equipment","midcap",""
1986,"J.kumar Infraprojects Limited","JKIL","473.55","-0.95%","61,355","realty","construction","smallcap",""
1987,"Manaksia Coated Metals & Industries Limited","MANAKCOAT","129.91","-0.95%","1,65,927","metals & mining","steel - medium / small","smallcap",""
1988,"V.s.t Tillers Tractors Limited","VSTTILLERS","4,473.3","-0.96%","14,779","auto","automobiles - tractors","smallcap",""
1989,"Aeroflex Enterprises Ltd","AEROENTER","125.64","-0.96%","2,41,671","metals & mining","steel - medium / small","smallcap",""
1990,"Aptech Limited","APTECHT","91.22","-0.96%","49,412","i.t","computers - education","smallcap",""
1991,"Blue Dart Express Limited","BLUEDART","4,746.5","-0.97%","7,306","transportation","couriers","midcap",""
1992,"Wockhardt Limited","WOCKPHARMA","2,265.6","-0.97%","6,89,934","healthcare","pharmaceuticals - indian - bulk drugs & formln","largecap",""
1993,"Accelya Kale Solutions Limited","ACCELYA","1,110","-0.97%","10,220","i.t","computers - software - medium / small","smallcap",""
1994,"Epigral Ltd","EPIGRAL","1,060.6","-0.97%","33,156","chemicals","chemicals","smallcap",""
1995,"Revathi Equipment India Ltd","RVTH","654.6","-0.97%","874","industrials","engineering","smallcap",""
1996,"Swiggy Ltd","SWIGGY","264.85","-0.97%","95,96,392","i.t","miscellaneous","largecap",""
1997,"Juniper Hotels Ltd","JUNIPER","216.29","-0.97%","75,553","services","hotels","smallcap",""
1998,"Silgo Retail Ltd","SILGO","69.79","-0.97%","12,888","consumer discretionary","diamond cutting / jewellery","smallcap",""
1999,"The Byke Hospitality Ltd","BYKE","29.76","-0.97%","19,441","services","hotels","smallcap",""
2000,"Integra Essentia Ltd","ESSENTIA","1.02","-0.97%","11,66,081","services","trading","smallcap",""
2001,"Alkem Laboratories Limited","ALKEM","5,274","-0.98%","28,742","healthcare","pharmaceuticals - indian - bulk drugs & formln","largecap",""
2002,"Technocraft Industries (india) Limited","TIIL","3,003.4","-0.98%","27,627","metals & mining","steel - medium / small","midcap",""
2003,"Kalyani Steels Limited","KSL","964.7","-0.98%","94,739","metals & mining","steel - medium / small","smallcap",""
2004,"Transformers & Rectifiers India Ltd","TARIL","277.65","-0.98%","7,03,274","industrials","electric equipment","midcap",""
2005,"Rswm Limited","RSWM","218.34","-0.98%","46,759","textiles","textiles - cotton/blended","smallcap",""
2006,"Himatsingka Seide Limited","HIMATSEIDE","68.79","-0.98%","13,32,162","textiles","textiles - products","smallcap",""
2007,"Pc Jeweller Limited","PCJEWELLER","14.11","-0.98%","30,93,43,445","consumer discretionary","diamond cutting / jewellery","midcap",""
2008,"Hubtown Limited","HUBTOWN","171.67","-0.99%","1,50,592","realty","construction","smallcap",""
2009,"Themis Medicare Limited","THEMISMED","116.93","-0.99%","56,963","healthcare","pharmaceuticals - indian - bulk drugs & formln","smallcap",""
2010,"Satia Industries Ltd","SATIA","67","-0.99%","76,122","building materials","paper","smallcap",""
2011,"Mankind Pharma Ltd","MANKIND","2,474.9","-1%","3,33,769","healthcare","pharmaceuticals - indian - bulk drugs & formln","largecap",""
2012,"Tilaknagar Industries Limited","TI","581.7","-1%","13,72,795","fmcg","breweries & distilleries","midcap",""
2013,"Nava Ltd","NAVA","551.45","-1%","4,50,107","miscellaneous","diversified - large","midcap",""
2014,"Borosil Renewables Ltd","BORORENEW","455.15","-1%","2,89,701","building materials","glass & glass products","midcap",""
2015,"ICICI Prudential Nifty 10 yr Benchmark G-Sec ETF","GSEC10IETF","262.05","-1%","5","n/a","indices","smallcap",""
2016,"Muthoot Microfin Ltd","MUTHOOTMF","181.56","-1%","3,09,028","financials","finance & investments","smallcap",""
2017,"Clean Science & Technology Ltd","CLEAN","807.25","-1.01%","1,61,379","chemicals","chemicals","midcap",""
2018,"NDR Auto Components Ltd","NDRAUTO","746.6","-1.01%","10,850","auto","auto ancillaries","smallcap",""
2019,"Styrenix Performance Materials Ltd","STYRENIX","2,067","-1.02%","23,553","energy","petrochemicals","smallcap",""
2020,"Happy Forgings Ltd","HAPPYFORGE","2,063.5","-1.02%","37,247","castings, forgings & fasteners","castings & forgings","midcap",""
2021,"Sundaram Clayton Ltd","SUNCLAY","1,236.7","-1.02%","7,772","castings, forgings & fasteners","castings & forgings","smallcap",""
2022,"Polyplex Corporation Limited","POLYPLEX","1,086.2","-1.02%","25,252","industrials","packaging","smallcap",""
2023,"KFin Technologies Ltd","KFINTECH","888.8","-1.02%","4,36,454","financials","miscellaneous","midcap",""
2024,"Kirloskar Industries Limited","KIRLOSIND","3,597.5","-1.03%","5,403","financials","finance & investments","smallcap",""
2025,"Va Tech Wabag Limited","WABAG","2,008.4","-1.03%","2,72,100","realty","engineering - turnkey services","midcap",""
2026,"Seamec Limited","SEAMECLTD","1,712.2","-1.03%","31,625","miscellaneous","miscellaneous","smallcap",""
2027,"Tata Investment Corporation Limited","TATAINVEST","651.6","-1.03%","2,68,798","financials","finance & investments","largecap",""
2028,"Container Corporation Of India Limited","CONCOR","461.5","-1.03%","7,04,143","transportation","miscellaneous","largecap",""
2029,"EMS Ltd","EMSLIMITED","354.9","-1.03%","96,500","realty","engineering - turnkey services","smallcap",""
2030,"Borana Weaves Ltd","BORANA","288","-1.03%","24,916","textiles","textiles - processing","smallcap",""
2031,"Firstsource Solutions Limited","FSL","259.45","-1.03%","4,17,268","i.t","computers - software - medium / small","midcap",""
2032,"Pudumjee Paper Products Limited","PDMJEPAPER","94.47","-1.03%","1,57,250","building materials","paper","smallcap",""
2033,"Prime Focus Limited","PFOCUS","315.45","-1.04%","42,24,123","realty","miscellaneous","largecap",""
2034,"Vst Industries Limited","VSTIND","204.54","-1.04%","89,396","fmcg","cigarettes","smallcap",""
2035,"Elin Electronics Ltd","ELIN","88.57","-1.04%","4,02,933","consumer discretionary","electronics - components","smallcap",""
2036,"Alicon Castalloy Limited","ALICON","730.05","-1.05%","24,544","castings, forgings & fasteners","castings & forgings","smallcap",""
2037,"Stel Holdings Limited","STEL","619.3","-1.05%","1,662","financials","finance & investments","smallcap",""
2038,"Share India Securities Ltd","SHAREINDIA","209.62","-1.05%","10,80,901","financials","finance & investments","smallcap",""
2039,"Orient Electric Ltd","ORIENTELEC","162.26","-1.05%","1,23,313","consumer discretionary","domestic appliances","smallcap",""
2040,"Western Carriers (India) Ltd","WCIL","94.77","-1.05%","1,79,760","transportation","shipping","smallcap",""
2041,"Atul Limited","ATUL","6,070.5","-1.06%","15,678","chemicals","chemicals","midcap",""
2042,"Sadbhav Engineering Limited","SADBHAV","7.46","-1.06%","98,193","realty","construction","smallcap",""
2043,"Abb India Limited","ABB","7,052.5","-1.07%","80,574","industrials","electric equipment","largecap",""
2044,"Garden Reach Shipbuilders & Engineers Ltd","GRSE","2,319","-1.07%","2,52,777","aerospace & defence","miscellaneous","largecap",""
2045,"Anant Raj Limited","ANANTRAJ","617.4","-1.07%","11,98,697","realty","construction","largecap",""
2046,"Garware Technical Fibres Ltd","GARFIBRES","773.5","-1.08%","23,488","textiles","textiles - products","midcap",""
2047,"Radhika Jeweltech Ltd","RADHIKAJWE","69.88","-1.08%","1,30,948","consumer discretionary","diamond cutting / jewellery","smallcap",""
2048,"North Eastern Carrying Corporation Limited","NECCLTD","19.18","-1.08%","26,443","transportation","miscellaneous","smallcap",""
2049,"Jbm Auto Limited","JBMA","586.6","-1.09%","1,80,569","auto","auto ancillaries","midcap",""
2050,"Prakash Pipes Ltd","PPL","263.05","-1.09%","13,411","plastic products","plastics products","smallcap",""
2051,"South West Pinnacle Exploration Ltd","SOUTHWEST","186.71","-1.09%","88,796","metals & mining","mining / minerals / metals","smallcap",""
2052,"Everest Kanto Cylinder Limited","EKC","110.28","-1.09%","3,63,550","industrials","packaging","smallcap",""
2053,"Jayaswal Neco Industries Limited","JAYNECOIND","88.55","-1.09%","12,34,021","metals & mining","steel - large","midcap",""
2054,"R&B Denims Ltd","RNBDENIMS","9.04","-1.09%","1,40,860","textiles","textiles - cotton/blended","smallcap",""
2055,"Innova Captab Ltd","INNOVACAP","1,281","-1.1%","34,476","healthcare","pharmaceuticals - indian - bulk drugs & formln","midcap",""
2056,"Smartlink Network Systems Limited","SMARTLINK","215.43","-1.1%","1,262","i.t","computers - hardware","smallcap",""
2057,"Shakti Pumps (india) Limited","SHAKTIPUMP","466.9","-1.11%","2,05,670","industrials","pumps","midcap",""
2058,"Future Market Networks Limited","FMNL","8","-1.11%","12,957","miscellaneous","miscellaneous","smallcap",""
2059,"Pfizer Limited","PFIZER","4,000.8","-1.12%","15,786","healthcare","pharmaceuticals - multinational","midcap",""
2060,"Shyam Metalics & Energy Ltd","SHYAMMETL","1,085.6","-1.12%","5,91,086","metals & mining","steel - large","largecap",""
2061,"Poonawalla Fincorp Ltd","POONAWALLA","461.55","-1.12%","14,77,854","financials","finance & investments","largecap",""
2062,"Indian Hume Pipe Company Limited","INDIANHUME","357.45","-1.12%","52,732","realty","construction","smallcap",""
2063,"Irb Infrastructure Developers Limited","IRB","17.68","-1.12%","82,19,678","realty","construction","largecap",""
2064,"Creative Eye Limited","CREATIVEYE","6.19","-1.12%","5,749","media","entertainment / electronic media software","smallcap",""
2065,"Caplin Point Laboratories Limited","CAPLIPOINT","2,835.1","-1.13%","1,81,149","healthcare","pharmaceuticals - indian - formulations","largecap",""
2066,"Cholamandalam Investment And Finance Company Limited","CHOLAFIN","1,662.7","-1.13%","28,78,656","financials","finance & investments","largecap",""
2067,"GNG Electronics Ltd","EBGNG","669","-1.13%","4,33,643","services","trading","midcap",""
2068,"Eureka Forbes Ltd","EUREKAFORB","370.85","-1.13%","2,20,304","consumer discretionary","domestic appliances","midcap",""
2069,"Career Point Edutech Ltd","CPEDU","177.14","-1.13%","1,982","services","miscellaneous","smallcap",""
2070,"Websol Energy System Limited","WEBELSOLAR","73.23","-1.13%","12,67,143","industrials","electric equipment","smallcap",""
2071,"Trent Limited","TRENT","2,669.3","-1.14%","10,54,993","consumer discretionary","trading","largecap",""
2072,"Rossell Techsys Ltd","ROSSTECH","1,402.7","-1.14%","1,32,626","aerospace & defence","engineering","midcap",""
2073,"Sanathan Textiles Ltd","SANATHAN","523.2","-1.14%","1,89,507","textiles","textiles - cotton/blended","smallcap",""
2074,"Nmdc Limited","NMDC","79.9","-1.14%","1,10,80,041","metals & mining","mining / minerals / metals","largecap",""
2075,"Ortel Communications Limited","ORTEL","1.74","-1.14%","13,800","media","entertainment / electronic media software","smallcap",""
2076,"Safari Industries (India) Ltd","SAFARI","1,464.2","-1.15%","44,195","plastic products","moulded luggage","midcap",""
2077,"Indo Count Industries Limited","ICIL","445.75","-1.15%","2,97,727","textiles","textiles - cotton/blended","midcap",""
2078,"Arisinfra Solutions Ltd","ARIS","140.29","-1.15%","5,13,723","services","trading","smallcap",""
2079,"Tube Investments of India Ltd","TIINDIA","2,511.1","-1.16%","78,988","industrials","steel - large","largecap",""
2080,"Action Construction Equipment Limited","ACE","1,226.6","-1.16%","1,84,368","industrials","engineering","midcap",""
2081,"SBI Cards & Payment Services Ltd","SBICARD","611.2","-1.16%","13,10,548","financials","finance & investments","largecap",""
2082,"Sahyadri Industries Ltd","SAHYADRI","362.6","-1.16%","5,630","building materials","cement products","smallcap",""
2083,"Dhunseri Tea & Industries Limited","DTIL","140.35","-1.16%","645","fmcg","tea","smallcap",""
2084,"Dredging Corporation Of India Limited","DREDGECORP","984.8","-1.17%","91,938","miscellaneous","miscellaneous","smallcap",""
2085,"Karma Energy Limited","KARMAENG","38.97","-1.17%","2,146","power & utilities","power generation and supply","smallcap",""
2086,"Greenlam Industries Limited","GREENLAM","224.32","-1.18%","82,357","building materials","miscellaneous","midcap",""
2087,"Motherson Sumi Wiring India Ltd","MSUMI","34.29","-1.18%","1,11,96,717","auto","auto ancillaries","largecap",""
2088,"Groww Nifty 500 Low Volatility 50 ETF","GROWWLOVOL","10.06","-1.18%","6,778","indices","indices","smallcap",""
2089,"Aster DM Healthcare Ltd","ASTERDM","759.4","-1.2%","12,51,211","healthcare","healthcare","largecap",""
2090,"Rites Ltd","RITES","199.31","-1.2%","3,42,582","miscellaneous","miscellaneous","midcap",""
2091,"Vertoz Ltd","VERTOZ","36.29","-1.2%","26,721","i.t","computers - software - medium / small","smallcap",""
2092,"Apollo Sindoori Hotels Limited","APOLSINHOT","1,202.4","-1.21%","1,289","services","hotels","smallcap",""
2093,"Sheela Foam Limited","SFL","634.6","-1.21%","1,05,699","consumer discretionary","miscellaneous","midcap",""
2094,"Abans Financial Services Ltd","AFSL","201","-1.21%","4,255","financials","finance & investments","smallcap",""
2095,"Suraj Ltd","SURAJLTD","198.08","-1.21%","97","metals & mining","steel - medium / small","smallcap",""
2096,"Dalmia Bharat Limited","DALBHARAT","1,700.2","-1.22%","2,54,282","building materials","cement - south india","largecap",""
2097,"Vishnu Prakash R Punglia Ltd","VPRPL","32.5","-1.22%","2,25,414","realty","construction","smallcap",""
2098,"Steel Exchange India Ltd","STEELXIND","11.29","-1.22%","90,72,805","metals & mining","steel - medium / small","smallcap",""
2099,"Doms Industries Ltd","DOMS","2,083","-1.23%","13,623","miscellaneous","printing & stationery","midcap",""
2100,"Eris Lifesciences Ltd","ERIS","1,258.9","-1.23%","30,256","healthcare","pharmaceuticals - indian - formulations","midcap",""
2101,"R K Swamy Ltd","RKSWAMY","90.59","-1.23%","24,773","media","miscellaneous","smallcap",""
2102,"Ht Media Limited","HTMEDIA","24.06","-1.23%","92,225","media","entertainment / electronic media software","smallcap",""
2103,"CreditAccess Grameen Ltd","CREDITACC","1,298.8","-1.24%","1,09,014","financials","finance & investments","largecap",""
2104,"Eveready Industries India Limited","EVEREADY","322","-1.24%","48,301","industrials","dry cells","smallcap",""
2105,"Thirumalai Chemicals Limited","TIRUMALCHM","160.93","-1.24%","2,52,816","chemicals","chemicals","smallcap",""
2106,"Plaza Wires Ltd","PLAZACABLE","59.94","-1.24%","35,030","industrials","cables - power","smallcap",""
2107,"Generic Engineering Construction & Projects Ltd","GENCON","38.17","-1.24%","2,68,643","realty","construction","smallcap",""
2108,"Biocon Limited","BIOCON","382.15","-1.25%","26,94,397","healthcare","pharmaceuticals - indian - bulk drugs & formln","largecap",""
2109,"Skm Egg Products Export (india) Limited","SKMEGGPROD","220.4","-1.25%","1,30,288","fmcg","food - processing - indian","smallcap",""
2110,"UTI Nifty 5 yr Benchmark G-Sec ETF","GILT5BETA","65.66","-1.25%","614","indices","indices","smallcap",""
2111,"Krebs Biochemicals And Industries Limited","KREBSBIO","56.94","-1.25%","2,532","healthcare","pharmaceuticals - indian - bulk drugs","smallcap",""
2112,"Dhanlaxmi Bank Limited","DHANBANK","29.31","-1.25%","2,39,224","bank","banks - private sector","smallcap",""
2113,"Kirloskar Oil Engines Limited","KIRLOSENG","2,137.2","-1.26%","1,66,543","industrials","engines","largecap",""
2114,"Sarda Energy & Minerals Limited","SARDAEN","493.15","-1.26%","2,50,490","metals & mining","steel - medium / small","midcap",""
2115,"Everest Industries Limited","EVERESTIND","426.3","-1.26%","4,610","building materials","cement products","smallcap",""
2116,"UTI Nifty IT ETF","ITBETA","296.55","-1.26%","1,387","indices","indices","smallcap",""
2117,"Platinum Industries Ltd","PLATIND","210.64","-1.26%","57,233","chemicals","chemicals","smallcap",""
2118,"Embassy Development Limited","EMBDL","58.07","-1.26%","25,95,396","realty","construction","midcap",""
2119,"Reliance Industrial Infrastructure Limited","RIIL","694.55","-1.27%","47,746","transportation","miscellaneous","smallcap",""
2120,"Dpsc Limited","DPSCLTD","6.97","-1.27%","1,13,088","power & utilities","power generation and supply","smallcap",""
2121,"Dreamfolks Services Ltd","DREAMFOLKS","63.31","-1.28%","35,192","miscellaneous","miscellaneous","smallcap",""
2122,"Seya Industries Ltd","SEYAIND","13.87","-1.28%","20,788","chemicals","chemicals","smallcap",""
2123,"Finolex Cables Limited","FINCABLES","1,460.9","-1.29%","5,01,380","industrials","cables - power","largecap",""
2124,"Gandhi Special Tubes Limited","GANDHITUBE","966.5","-1.29%","7,495","metals & mining","steel - medium / small","smallcap",""
2125,"ITC Hotels Ltd","ITCHOTELS","161.9","-1.29%","12,53,849","services","hotels","largecap",""
2126,"Yatra Online Ltd","YATRA","103.84","-1.29%","7,99,222","i.t","travel agencies","smallcap",""
2127,"Lancor Holdings Ltd","LANCORHOL","33.59","-1.29%","60,196","realty","construction","smallcap",""
2128,"Astrazeneca Pharma India Limited","ASTRAZEN","6,505","-1.3%","6,164","healthcare","pharmaceuticals - multinational","midcap",""
2129,"Bharat Dynamics Ltd","BDL","1,140","-1.3%","9,36,577","aerospace & defence","engineering","largecap",""
2130,"Tamilnad Mercantile Bank Ltd","TMB","881.9","-1.3%","1,18,477","bank","banks - private sector","midcap",""
2131,"Tata Chemicals Limited","TATACHEM","643.75","-1.3%","11,31,484","chemicals","chemicals","midcap",""
2132,"Indraprastha Medical Corporation Limited","INDRAMEDCO","365.7","-1.3%","3,79,626","healthcare","healthcare","smallcap",""
2133,"Birlasoft Ltd","BSOFT","274.05","-1.31%","8,74,041","i.t","computers - software - medium / small","midcap",""
2134,"Oil & Natural Gas Corporation Limited","ONGC","235.86","-1.31%","50,66,494","energy","oil drilling / allied services","largecap",""
2135,"Harrisons  Malayalam Limited","HARRMALAYA","172.59","-1.31%","9,942","fmcg","miscellaneous","smallcap",""
2136,"Tv Today Network Limited","TVTODAY","106.36","-1.31%","11,374","media","entertainment / electronic media software","smallcap",""
2137,"Handson Global Management (HGM) Ltd","HGM","42.18","-1.31%","1,370","i.t","computers - software - medium / small","smallcap",""
2138,"Ipca Laboratories Limited","IPCALAB","1,970.8","-1.32%","2,63,825","healthcare","pharmaceuticals - indian - bulk drugs & formln","largecap",""
2139,"Gravita India Limited","GRAVITA","1,495.4","-1.32%","2,66,305","metals & mining","mining / minerals / metals","midcap",""
2140,"Softtech Engineers Ltd","SOFTTECH","479.8","-1.32%","5,218","i.t","computers - software - medium / small","smallcap",""
2141,"Lyka Labs Limited","LYKALABS","85.85","-1.32%","3,962","healthcare","pharmaceuticals - indian - bulk drugs & formln","smallcap",""
2142,"Inox Green Energy Services Ltd","INOXGREEN","172.32","-1.33%","9,75,212","miscellaneous","miscellaneous","midcap",""
2143,"Indo Thai Securities Limited","INDOTHAI","31.86","-1.33%","12,05,309","financials","finance & investments","smallcap",""
2144,"Ventive Hospitality Ltd","VENTIVE","565.05","-1.34%","13,304","services","hotels","midcap",""
2145,"Coffee Day Enterprises Limited","COFFEEDAY","30.29","-1.34%","4,97,297","consumer discretionary","hotels","smallcap",""
2146,"Repco Home Finance Limited","REPCOHOME","347.7","-1.35%","66,626","financials","finance - housing","smallcap",""
2147,"Global Vectra Helicorp Limited","GLOBALVECT","134.06","-1.35%","4,099","transportation","transport - airlines","smallcap",""
2148,"Swan Defence and Heavy Industries Ltd","SWANDEF","2,679.7","-1.36%","12,520","transportation","miscellaneous","midcap",""
2149,"Anthem Biosciences Ltd","ANTHEM","873.6","-1.36%","3,73,411","healthcare","pharmaceuticals - indian - bulk drugs & formln","largecap",""
2150,"Aditya Vision Ltd","AVL","619.5","-1.36%","1,09,489","consumer discretionary","trading","midcap",""
2151,"Fdc Limited","FDC","341","-1.36%","1,11,248","healthcare","pharmaceuticals - indian - bulk drugs & formln","midcap",""
2152,"Indo-national Limited","NIPPOBATRY","320.15","-1.36%","1,563","industrials","dry cells","smallcap",""
2153,"Poddar Pigments Limited","PODDARMENT","271.4","-1.36%","2,454","chemicals","dyes and pigments","smallcap",""
2154,"Bigbloc Construction Limited","BIGBLOC","40.01","-1.36%","38,486","building materials","cement products","smallcap",""
2155,"Surana Solar Limited","SURANASOL","25.3","-1.36%","17,041","industrials","electric equipment","smallcap",""
2156,"Housing Development And Infrastructure Limited","HDIL","1.45","-1.36%","1,33,080","realty","construction","smallcap",""
2157,"Ttk Healthcare Limited","TTKHLTCARE","1,031.1","-1.37%","12,141","miscellaneous","diversified - medium / small","smallcap",""
2158,"S. P. Apparels Limited","SPAL","965.6","-1.37%","44,966","readymade garments/apparels","textiles - products","smallcap",""
2159,"Brigade Enterprises Limited","BRIGADE","597.9","-1.37%","2,42,813","realty","construction","midcap",""
2160,"Indus Towers Ltd (Bharti Infratel)","INDUSTOWER","374.65","-1.37%","29,52,516","telecom","transmisson line towers / equipment","largecap",""
2161,"Gokul Agro Resources Limited","GOKULAGRO","221.89","-1.37%","1,74,168","fmcg","solvent extraction","midcap",""
2162,"Dev Information Technology Ltd","DEVIT","22.28","-1.37%","52,336","i.t","computers - software - medium / small","smallcap",""
2163,"Sundrop Brands Ltd","SUNDROP","745.75","-1.38%","11,595","fmcg","food - processing - indian","smallcap",""
2164,"V-guard Industries Limited","VGUARD","304.35","-1.38%","3,13,680","industrials","electric equipment","midcap",""
2165,"Dhunseri Ventures Ltd","DVL","289.75","-1.38%","17,348","services","trading","smallcap",""
2166,"Enviro Infra Engineers Ltd","EIEL","198.85","-1.38%","10,33,739","realty","engineering - turnkey services","smallcap",""
2167,"Century Extrusions Limited","CENTEXT","18.56","-1.38%","1,08,079","metals & mining","aluminium and aluminium products","smallcap",""
2168,"Khandwala Securities Limited","KHANDSE","17.82","-1.38%","2,115","financials","finance & investments","smallcap",""
2169,"Kennametal India Ltd","KENNAMET","4,207.2","-1.39%","26,620","castings, forgings & fasteners","castings & forgings","midcap",""
2170,"Carborundum Universal Limited","CARBORUNIV","1,278.5","-1.39%","3,56,177","industrials","abrasives and grinding wheels","largecap",""
2171,"DEE Development Engineers Ltd","DEEDEV","666.2","-1.39%","1,30,551","metals & mining","steel - medium / small","midcap",""
2172,"Arvind Smartspaces Limited","ARVSMART","614.05","-1.4%","96,516","realty","construction","smallcap",""
2173,"Saksoft Limited","SAKSOFT","141.52","-1.4%","1,15,426","i.t","computers - software - medium / small","smallcap",""
2174,"KRN Heat Exchanger and Refrigeration Ltd","KRN","1,381.8","-1.41%","1,80,039","industrials","engineering","midcap",""
2175,"Infosys Limited","INFY","1,000.2","-1.41%","1,02,40,700","i.t","computers - software - large","largecap",""
2176,"Madhucon Projects Limited","MADHUCON","4.19","-1.41%","60,505","realty","construction","smallcap",""
2177,"Oracle Financial Services Software Limited","OFSS","10,770","-1.42%","5,45,314","i.t","computers - software - large","largecap",""
2178,"Moil Limited","MOIL","241.88","-1.43%","3,04,344","metals & mining","mining / minerals / metals","smallcap",""
2179,"R.p.p. Infra Projects Limited","RPPINFRA","53.63","-1.43%","57,550","realty","construction","smallcap",""
2180,"Jain Irrigation Systems Limited","JISLDVREQS","19.85","-1.44%","13,264","plastic products","plastics products","smallcap",""
2181,"Icra Limited","ICRA","4,377.9","-1.46%","24,469","financials","miscellaneous","smallcap",""
2182,"Tejas Networks Ltd","TEJASNET","503.85","-1.46%","8,93,736","telecom","telecommunications - equipment","midcap",""
2183,"Senco Gold Ltd","SENCO","331.1","-1.46%","6,81,767","consumer discretionary","diamond cutting / jewellery","midcap",""
2184,"Capital Trust Ltd.","CAPTRUST","18.72","-1.47%","15,533","financials","finance & investments","smallcap",""
2185,"ICICI Lombard General Insurance Company Ltd","ICICIGI","1,553.7","-1.48%","8,50,179","financials","finance & investments","largecap",""
2186,"Suyog Telematics Ltd","SUYOG","650.4","-1.48%","12,753","telecom","transmisson line towers / equipment","smallcap",""
2187,"United Breweries Limited","UBL","1,251.3","-1.49%","1,68,060","fmcg","breweries & distilleries","largecap",""
2188,"Strides Shasun Limited","STAR","1,184.9","-1.49%","1,43,012","healthcare","pharmaceuticals - indian - bulk drugs & formln","midcap",""
2189,"Digitide Solutions Ltd","DIGITIDE","78.57","-1.49%","2,69,246","i.t","computers - software - medium / small","smallcap",""
2190,"Total Transport Systems Ltd","TOTAL","70.86","-1.49%","5,212","transportation","miscellaneous","smallcap",""
2191,"Mirae Asset Nifty India Internet ETF","INTERNET","13.93","-1.49%","4,50,393","indices","indices","smallcap",""
2192,"Anmol India Ltd","ANMOL","13.25","-1.49%","25,631","services","trading","smallcap",""
2193,"Panama Petrochem Limited","PANAMAPET","473.4","-1.5%","73,939","energy","petrochemicals","smallcap",""
2194,"Chalet Hotels Ltd","CHALET","881.35","-1.51%","71,076","services","hotels","midcap",""
2195,"Universal Cables Limited","UNIVCABLES","1,494","-1.52%","69,934","industrials","cables - power","midcap",""
2196,"Roto Pumps Ltd","ROTO","62.8","-1.52%","3,88,024","industrials","pumps","smallcap",""
2197,"Maharashtra Scooters Limited","MAHSCOOTER","13,052","-1.53%","3,959","financials","finance & investments","midcap",""
2198,"We Win Ltd","WEWIN","48.26","-1.53%","2,296","n/a","indices","smallcap",""
2199,"Geekay Wires Ltd","GEEKAYWIRE","32.9","-1.53%","4,15,607","metals & mining","steel - medium / small","smallcap",""
2200,"Bharat Rasayan Limited","BHARATRAS","1,096.8","-1.54%","36,304","chemicals","pesticides / agrochemicals - indian","smallcap",""
2201,"Tata Motors Passenger Vehicles Ltd","TMPV","290.45","-1.54%","2,26,34,929","auto","automobiles - passenger cars","largecap",""
2202,"Chemfab Alkalis Ltd","CHEMFAB","352.65","-1.55%","10,927","chemicals","chemicals","smallcap",""
2203,"Timken India Limited","TIMKEN","3,206.1","-1.56%","14,197","industrials","bearings","largecap",""
2204,"Bhagyanagar India","BHAGYANGR","425.55","-1.56%","91,739","power & utilities","power generation and supply","smallcap",""
2205,"Dynemic Products Ltd","DYNPRO","229.22","-1.56%","6,761","chemicals","dyes and pigments","smallcap",""
2206,"One Mobikwik Systems Ltd","MOBIKWIK","200.62","-1.56%","8,32,129","i.t","miscellaneous","smallcap",""
2207,"Nocil Limited","NOCIL","188.41","-1.56%","11,12,045","chemicals","chemicals","smallcap",""
2208,"Niit Limited","NIITLTD","88.5","-1.56%","1,16,579","i.t","computers - education","smallcap",""
2209,"Pakka Ltd","PAKKA","75.06","-1.56%","96,390","building materials","paper","smallcap",""
2210,"Edelweiss Financial Services Limited","EDELWEISS","136.83","-1.57%","44,32,948","financials","finance & investments","midcap",""
2211,"Honasa Consumer Ltd","HONASA","465.5","-1.58%","4,37,409","services","trading","midcap",""
2212,"Le Travenues Technology Ltd","IXIGO","156.8","-1.58%","12,48,580","i.t","travel agencies","midcap",""
2213,"Worth Peripherals Ltd","WORTHPERI","144.94","-1.58%","952","industrials","packaging","smallcap",""
2214,"Teamlease Services Limited","TEAMLEASE","1,173","-1.59%","37,668","miscellaneous","miscellaneous","smallcap",""
2215,"Consolidated Finvest & Holdings Limited","CONSOFINVT","285.1","-1.59%","4,348","financials","finance & investments","smallcap",""
2216,"Bharat Seats Ltd","BHARATSE","214.09","-1.59%","68,904","auto","auto ancillaries","smallcap",""
2217,"Concord Enviro Systems Ltd","CEWATER","264.45","-1.6%","28,701","industrials","engineering","smallcap",""
2218,"AXISCADES Technologies Ltd","AXISCADES","1,892.1","-1.61%","1,30,914","aerospace & defence","computers - software - medium / small","midcap",""
2219,"Unimech Aerospace and Manufacturing Ltd","UNIMECH","1,665.1","-1.61%","1,38,995","aerospace & defence","engineering","midcap",""
2220,"Pioneer Embroideries Limited","PIONEEREMB","21.35","-1.61%","5,260","textiles","textiles - products","smallcap",""
2221,"Electrotherm (india) Limited","ELECTHERM","873.35","-1.62%","23,940","metals & mining","steel - medium / small","smallcap",""
2222,"Heritage Foods Limited","HERITGFOOD","407.4","-1.62%","1,89,918","fmcg","food - processing - indian","smallcap",""
2223,"Ratnamani Metals & Tubes Limited","RATNAMANI","2,778.3","-1.63%","25,715","industrials","steel - medium / small","midcap",""
2224,"Sai Silks (Kalamandir) Ltd","KALAMANDIR","77.19","-1.63%","4,38,726","consumer discretionary","trading","smallcap",""
2225,"Prakash Steelage Limited","PRAKASHSTL","3.62","-1.63%","75,243","metals & mining","steel - medium / small","smallcap",""
2226,"Balaji Amines Limited","BALAMINES","2,189.6","-1.64%","1,64,986","chemicals","chemicals","midcap",""
2227,"Entero Healthcare Solutions Ltd","ENTERO","1,821.8","-1.64%","1,10,434","healthcare","trading","midcap",""
2228,"Diamond Power Infrastructure Ltd","DIACABS","354.5","-1.65%","5,39,550","industrials","cables - power","largecap",""
2229,"Ifci Limited","IFCI","73.95","-1.65%","3,61,39,840","financials","finance - term-lending institutions","largecap",""
2230,"Tembo Global Industries Ltd","TEMBO","58.28","-1.65%","39,71,032","consumer discretionary","trading","smallcap",""
2231,"Zee Entertainment Enterprises Limited","ZEEL","76.87","-1.66%","87,93,820","media","entertainment / electronic media software","midcap",""
2232,"Hi-Tech Pipes Ltd","HITECH","73.6","-1.66%","4,79,980","metals & mining","steel - medium / small","smallcap",""
2233,"Tata Teleservices (maharashtra) Limited","TTML","34.44","-1.66%","17,75,354","telecom-service","telecommunications - service provider","midcap",""
2234,"T T Limited","TTL","7.13","-1.66%","1,76,663","textiles","textiles - products","smallcap",""
2235,"Paras Defence and Space Technologies Ltd","PARAS","1,321","-1.67%","5,27,679","aerospace & defence","engineering","midcap",""
2236,"Nelco Limited","NELCO","976.5","-1.67%","1,27,194","telecom","telecommunications - service provider","smallcap",""
2237,"Sical Logistics Ltd","SICALLOG","91.88","-1.67%","57,676","transportation","miscellaneous","smallcap",""
2238,"Emmbi Industries Limited","EMMBI","87.01","-1.67%","19,871","industrials","packaging","smallcap",""
2239,"Hindustan Construction Company Limited","HCC","21.26","-1.67%","99,97,995","realty","construction","midcap",""
2240,"Smartworks Coworking Spaces Ltd","SMARTWORKS","529.9","-1.68%","79,157","co-working","miscellaneous","midcap",""
2241,"Newgen Software Technologies Ltd","NEWGEN","485.3","-1.68%","3,45,857","i.t","computers - software - medium / small","midcap",""
2242,"Bharti Hexacom Ltd","BHARTIHEXA","1,481.8","-1.69%","76,049","telecom-service","telecommunications - service provider","largecap",""
2243,"Concord Biotech Ltd","CONCORDBIO","1,453.6","-1.7%","1,25,029","healthcare","pharmaceuticals - indian - bulk drugs & formln","midcap",""
2244,"Vardhman Textiles Limited","VTL","554","-1.7%","1,38,210","textiles","textiles - cotton/blended","midcap",""
2245,"Bajaj Healthcare Ltd","BAJAJHCARE","344.15","-1.71%","89,487","healthcare","pharmaceuticals - indian - bulk drugs & formln","smallcap",""
2246,"Vindhya Telelinks Limited","VINDHYATEL","2,719.8","-1.72%","41,951","realty","construction","smallcap",""
2247,"Southern Petrochemicals Industries Corporation  Limited","SPIC","64.73","-1.72%","3,47,792","chemicals","fertilizers","smallcap",""
2248,"Sundaram Multi Pap Limited","SUNDARAM","1.14","-1.72%","3,07,834","miscellaneous","printing & stationery","smallcap",""
2249,"Ausom Enterprise Limited","AUSOMENT","143.12","-1.74%","2,777","consumer discretionary","trading","smallcap",""
2250,"Atam Valves Ltd","ATAM","57.07","-1.74%","5,460","industrials","engineering","smallcap",""
2251,"AKG Exim Ltd","AKG","9.59","-1.74%","13,445","services","trading","smallcap",""
2252,"Cera Sanitaryware Limited","CERA","5,396.5","-1.75%","25,221","building materials","ceramics - tiles / sanitaryware","midcap",""
2253,"Hariom Pipe Industries Ltd","HARIOMPIPE","344.55","-1.75%","78,696","metals & mining","steel - medium / small","smallcap",""
2254,"Manomay Tex India Ltd","MANOMAY","229.12","-1.75%","1,78,641","textiles","textiles - products","smallcap",""
2255,"Univastu India Ltd","UNIVASTU","138.08","-1.75%","45,861","realty","construction","smallcap",""
2256,"Meghmani Organics Ltd","MOL","58.52","-1.75%","11,17,006","chemicals","pesticides / agrochemicals - indian","smallcap",""
2257,"Future Lifestyle Fashions Limited","FLFL","1.12","-1.75%","16,733","consumer discretionary","trading","smallcap",""
2258,"V-mart Retail Limited","VMART","760.1","-1.76%","1,08,294","consumer discretionary","trading","midcap",""
2259,"Crizac Ltd","CRIZAC","182.79","-1.78%","1,97,948","services","miscellaneous","smallcap",""
2260,"Cerebra Integrated Technologies Limited","CEREBRAINT","2.76","-1.78%","1,28,400","i.t","computers - hardware","smallcap",""
2261,"W S Industries (i) Limited","WSI","55.94","-1.79%","22,326","realty","construction","smallcap",""
2262,"Reliance Home Finance Ltd","RHFL","1.65","-1.79%","6,70,706","financials","finance - housing","smallcap",""
2263,"Archean Chemical Industries Ltd","ACI","482.55","-1.8%","1,16,822","chemicals","chemicals","midcap",""
2264,"Dharmaj Crop Guard Ltd","DHARMAJ","295.15","-1.8%","23,574","chemicals","pesticides / agrochemicals - indian","smallcap",""
2265,"Devyani International Ltd","DEVYANI","135.02","-1.8%","10,70,431","consumer discretionary","hotels","midcap",""
2266,"HP Adhesives Ltd","HPAL","34.96","-1.8%","41,928","chemicals","chemicals","smallcap",""
2267,"Sree Rayalaseema Hi-strength Hypo Limited","SRHHYPOLTD","594.8","-1.81%","23,038","chemicals","chemicals","smallcap",""
2268,"Landmark Property Development Company Limited","LPDC","6.51","-1.81%","20,129","realty","construction","smallcap",""
2269,"Bharat Bijlee Limited","BBL","2,162.9","-1.82%","30,435","industrials","electric equipment","smallcap",""
2270,"Sutlej Textiles And Industries Limited","SUTLEJTEX","37.31","-1.82%","22,616","textiles","textiles - cotton/blended","smallcap",""
2271,"Sundaram Finance Limited","SUNDARMFIN","4,508","-1.83%","35,762","financials","finance & investments","largecap",""
2272,"Savita Oil Technologies Limited","SOTL","713.2","-1.83%","1,58,106","energy","petrochemicals","smallcap",""
2273,"Kross Ltd","KROSS","267.87","-1.84%","8,12,431","auto","auto ancillaries","smallcap",""
2274,"Magellanic Cloud Ltd","MCLOUD","24.44","-1.85%","11,08,651","i.t","computers - software - medium / small","smallcap",""
2275,"Talbros Automotive Components Limited","TALBROAUTO","457.35","-1.86%","2,17,822","auto","auto ancillaries","smallcap",""
2276,"Keynote Financial Services Ltd","KEYFINSERV","227.35","-1.86%","1,538","financials","finance & investments","smallcap",""
2277,"Vishal Mega Mart Ltd","VMM","103.5","-1.86%","93,81,538","consumer discretionary","trading","largecap",""
2278,"Anand Rathi Wealth Ltd","ANANDRATHI","2,126.8","-1.87%","4,36,268","financials","finance & investments","largecap",""
2279,"Shiva Texyarn Ltd","SHIVATEX","167.73","-1.87%","2,381","textiles","textiles - cotton/blended","smallcap",""
2280,"Aakash Exploration Services Ltd","AAKASH","8.92","-1.87%","1,40,427","energy","oil drilling / allied services","smallcap",""
2281,"Aurionpro Solutions Limited","AURIONPRO","669.7","-1.88%","1,02,892","i.t","computers - software - medium / small","smallcap",""
2282,"Oswal Pumps Ltd","OSWALPUMPS","274.95","-1.89%","3,10,754","industrials","pumps","smallcap",""
2283,"Vipul Limited","VIPULLTD","10.36","-1.89%","73,134","realty","construction","smallcap",""
2284,"Vidhi Specialty Food Ingredients","VIDHIING","345.75","-1.9%","12,374","chemicals","dyes and pigments","smallcap",""
2285,"3m India Limited","3MINDIA","33,925","-1.92%","2,731","miscellaneous","diversified - large","largecap",""
2286,"Kanpur Plastipack Ltd","KANPRPLA","257.45","-1.92%","19,717","industrials","packaging","smallcap",""
2287,"Burnpur Cement Limited","BURNPUR","15.32","-1.92%","23,802","building materials","cement - north india","smallcap",""
2288,"Zodiac Energy Ltd","ZODIAC","223.04","-1.93%","13,144","realty","engineering - turnkey services","smallcap",""
2289,"HDB Financial Services Ltd","HDBFS","648.15","-1.94%","2,55,839","financials","finance & investments","largecap",""
2290,"Gensol Engineering Ltd","GENSOL","16.71","-1.94%","61,010","realty","engineering - turnkey services","smallcap",""
2291,"Globale Tessile Ltd","GLOBALE","10.59","-1.94%","1,300","textiles","textiles - products","smallcap",""
2292,"Blue Chip India Limited","BLUECHIP","2.02","-1.94%","835","financials","finance & investments","smallcap",""
2293,"Venus Pipes & Tubes Ltd","VENUSPIPES","2,163.2","-1.95%","1,48,235","metals & mining","steel - medium / small","smallcap",""
2294,"Texmo Pipes And Products Limited","TEXMOPIPES","56.91","-1.96%","69,419","plastic products","plastics products","smallcap",""
2295,"Til Limited","TIL","251.11","-1.97%","61,092","industrials","engineering","smallcap",""
2296,"Rama Steel Tubes Limited","RAMASTEEL","4.48","-1.97%","4,04,771","metals & mining","steel - medium / small","smallcap",""
2297,"ICE Make Refrigeration Ltd","ICEMAKE","663.8","-1.98%","64,841","industrials","engineering","smallcap",""
2298,"AWFIS Space Solutions Ltd","AWFIS","257.2","-1.98%","6,67,000","co-working","miscellaneous","smallcap",""
2299,"Khadim India Ltd","KHADIM","118.1","-1.98%","12,146","consumer discretionary","leather / leather products","smallcap",""
2300,"Tirupati Forge Ltd","TIRUPATIFL","78.28","-1.99%","66,450","castings, forgings & fasteners","castings & forgings","smallcap",""
2301,"Sanginita Chemicals Ltd","SANGINITA","73.89","-1.99%","5,93,266","chemicals","chemicals","smallcap",""
2302,"A B M International Ltd","ABMINTLLTD","45.2","-1.99%","1,136","services","trading","smallcap",""
2303,"Reliance Infrastructure Limited","RELINFRA","45.2","-1.99%","59,895","realty","engineering - turnkey services","smallcap",""
2304,"Mahindra & Mahindra Financial Services Limited","M&MFIN","333.1","-2%","16,62,139","financials","finance & investments","largecap",""
2305,"Nupur Recyclers Ltd","NRL","161.7","-2%","66,624","services","trading","smallcap",""
2306,"Aspinwall And Company Limited","ASPINWALL","253.75","-2.01%","1,747","miscellaneous","diversified - medium / small","smallcap",""
2307,"Ethos Ltd","ETHOSLTD","2,552.8","-2.03%","28,869","consumer discretionary","trading","midcap",""
2308,"Lumax Auto Technologies Limited","LUMAXTECH","2,026.8","-2.03%","68,866","auto","auto ancillaries","midcap",""
2309,"Tata Technologies Ltd","TATATECH","703.05","-2.05%","6,52,847","i.t","computers - software - medium / small","largecap",""
2310,"NTPC Green Energy Ltd","NTPCGREEN","93.47","-2.05%","23,31,281","power & utilities","power generation and supply","largecap",""
2311,"Glenmark Pharmaceuticals Limited","GLENMARK","2,380","-2.07%","7,85,299","healthcare","pharmaceuticals - indian - bulk drugs & formln","largecap",""
2312,"Mukta Arts Limited","MUKTAARTS","56.21","-2.07%","516","media","entertainment / electronic media software","smallcap",""
2313,"Rajvir Industries Limited","RAJVIR","5.21","-2.07%","5","textiles","textiles - jute - yarn / products","smallcap",""
2314,"Ptc India Financial Services Limited","PFS","26.37","-2.08%","3,47,305","financials","finance & investments","smallcap",""
2315,"Brand Concepts Ltd","BCONCEPTS","148.16","-2.09%","20,843","consumer discretionary","trading","smallcap",""
2316,"NDL Ventures Ltd","NDLVENTURE","119.69","-2.09%","7,489","financials","finance & investments","smallcap",""
2317,"Kddl Limited","KDDL","4,033.4","-2.1%","46,381","consumer discretionary","miscellaneous","midcap",""
2318,"Power & Instrumentation (Gujarat) Ltd","PIGL","100.47","-2.1%","88,650","industrials","electric equipment","smallcap",""
2319,"Groww Nifty India Internet ETF","GROWWNET","10.25","-2.1%","37,85,444","indices","indices","smallcap",""
2320,"Muthoot Capital Services Limited","MUTHOOTCAP","226.16","-2.11%","10,162","financials","finance & investments","smallcap",""
2321,"New India Assurance Company Ltd","NIACL","176.6","-2.11%","16,37,051","financials","finance & investments","largecap",""
2322,"The India Cements Limited","INDIACEM","323.1","-2.12%","2,47,095","building materials","cement - south india","midcap",""
2323,"MTAR Technologies Ltd","MTARTECH","6,900","-2.13%","1,90,986","aerospace & defence","engineering","largecap",""
2324,"Tokyo Plast International Limited","TOKYOPLAST","74","-2.14%","141","plastic products","plastics products","smallcap",""
2325,"Mahalaxmi Fabric Mills Ltd","MFML","18.75","-2.14%","2,763","textiles","textiles - products","smallcap",""
2326,"Sagardeep Alloys Ltd","SAGARDEEP","23.19","-2.15%","7,598","metals & mining","mining / minerals / metals","smallcap",""
2327,"Hybrid Financial Services Ltd","HYBRIDFIN","16.7","-2.17%","1,739","financials","finance & investments","smallcap",""
2328,"R. S. Software (india) Limited","RSSOFTWARE","30.56","-2.18%","24,481","i.t","computers - software - medium / small","smallcap",""
2329,"AGI Greenpac Ltd","AGI","803.35","-2.19%","1,82,324","industrials","packaging","midcap",""
2330,"Capri Global Capital Limited","CGCL","253.7","-2.2%","9,84,973","financials","finance & investments","largecap",""
2331,"Navkar Urbanstructure Ltd","NAVKARURB","0.89","-2.2%","6,22,237","realty","construction","smallcap",""
2332,"Flair Writing Industries Ltd","FLAIR","237.58","-2.21%","69,478","miscellaneous","printing & stationery","smallcap",""
2333,"Excel Industries Limited","EXCELINDUS","928.9","-2.22%","8,422","chemicals","pesticides / agrochemicals - indian","smallcap",""
2334,"De Nora India Limited","DENORA","766.5","-2.22%","4,443","industrials","electrodes - graphites","smallcap",""
2335,"Exicom Tele-Systems Ltd","EXICOM","160.99","-2.22%","7,39,666","industrials","electric equipment","smallcap",""
2336,"Cholamandalam Financial Holdings Ltd","CHOLAHLDNG","1,400.6","-2.23%","3,28,724","financials","finance & investments","largecap",""
2337,"Cyber Media (india) Limited","CYBERMEDIA","20.18","-2.23%","6,032","media","entertainment / electronic media software","smallcap",""
2338,"Maithan Alloys Limited","MAITHANALL","955.15","-2.25%","79,988","metals & mining","mining / minerals / metals","smallcap",""
2339,"Aarti Drugs Limited","AARTIDRUGS","427.4","-2.25%","2,12,626","healthcare","pharmaceuticals - indian - bulk drugs","smallcap",""
2340,"Tolins Tyres Ltd","TOLINS","88.11","-2.25%","63,412","auto","tyres","smallcap",""
2341,"Aqylon Nexus Ltd","AQYLON","18.56","-2.26%","13,54,842","media","entertainment / electronic media software","smallcap",""
2342,"The Federal Bank  Limited","FEDERALBNK","322","-2.28%","61,28,694","bank","banks - private sector","largecap",""
2343,"Sarthak Metals Ltd","SMLT","59.35","-2.29%","7,194","metals & mining","steel - medium / small","smallcap",""
2344,"Nagreeka Exports Limited","NAGREEKEXP","23.47","-2.29%","57,115","textiles","textiles - cotton/blended","smallcap",""
2345,"Bandhan Nifty 50 ETF","IDFNIFTYET","256.59","-2.3%","1,667","indices","indices","smallcap",""
2346,"Nitco Limited","NITCO","87.96","-2.3%","3,43,465","building materials","trading","smallcap",""
2347,"Ujaas Energy Ltd","UEL","183.73","-2.32%","16,391","power & utilities","power generation and supply","smallcap",""
2348,"Indo Rama Synthetics (india) Limited","INDORAMA","99.36","-2.32%","8,27,174","textiles","textiles - manmade","smallcap",""
2349,"S & S Power Switchgear Ltd","S&SPOWER","307.9","-2.36%","6,820","industrials","electric equipment","smallcap",""
2350,"UTI Nifty Midcap 150 ETF","MIDCAPBETA","227.32","-2.36%","5,266","indices","indices","smallcap",""
2351,"Aksh Optifibre Limited","AKSHOPTFBR","7.04","-2.36%","1,33,848","industrials","cables - telephone","smallcap",""
2352,"M & B Engineering Ltd","MBEL","257.7","-2.37%","86,275","realty","construction","smallcap",""
2353,"Maan Aluminium Limited","MAANALU","100.18","-2.38%","1,03,573","metals & mining","aluminium and aluminium products","smallcap",""
2354,"Infomedia Press Limited","INFOMEDIA","5.31","-2.39%","20,025","miscellaneous","printing & stationery","smallcap",""
2355,"Greenply Industries Limited","GREENPLY","287.25","-2.4%","3,57,533","building materials","miscellaneous","smallcap",""
2356,"Greenpanel Industries Ltd","GREENPANEL","162.61","-2.4%","1,94,144","building materials","miscellaneous","smallcap",""
2357,"Lakshmi Finance & Industrial Corporation Limited","LFIC","133.06","-2.42%","655","financials","finance & investments","smallcap",""
2358,"3i Infotech Ltd","3IINFOLTD","24.35","-2.44%","2,33,223","i.t","computers - software - medium / small","smallcap",""
2359,"InfoBeans Technologies Ltd","INFOBEAN","146.55","-2.46%","1,71,469","i.t","computers - software - medium / small","smallcap",""
2360,"Dish Tv India Limited","DISHTV","2.37","-2.47%","35,33,046","media","entertainment / electronic media software","smallcap",""
2361,"Shradha Infraprojects Ltd","SHRADHA","29.75","-2.49%","2,093","realty","construction","smallcap",""
2362,"Netweb Technologies India Ltd","NETWEB","4,545","-2.5%","6,96,170","i.t","computers - hardware","largecap",""
2363,"NIIT Learning Systems Ltd","NIITMTS","212.08","-2.52%","1,47,551","i.t","computers - education","smallcap",""
2364,"Alkali Metals Limited","ALKALI","93.93","-2.53%","9,233","chemicals","chemicals","smallcap",""
2365,"Krishna Institute of Medical Sciences Ltd","KIMS","780.15","-2.54%","3,46,140","healthcare","healthcare","largecap",""
2366,"AGI Infra Ltd","AGIIL","264.55","-2.54%","32,37,412","realty","construction","smallcap",""
2367,"Allcargo Logistics Limited","ALLCARGO","10.67","-2.56%","85,47,656","transportation","miscellaneous","smallcap",""
2368,"Country Club Hospitality & Holidays Limited","CCHHL","13.14","-2.59%","25,038","services","hotels","smallcap",""
2369,"Quintegra Solutions Limited","QUINTEGRA","1.12","-2.61%","91,205","i.t","computers - software - medium / small","smallcap",""
2370,"Sasken Communication Technologies Limited","SASKEN","1,691.1","-2.63%","33,465","i.t","computers - software - medium / small","smallcap",""
2371,"Touchwood Entertainment Ltd","TOUCHWOOD","60.14","-2.65%","2,191","media","miscellaneous","smallcap",""
2372,"Lorenzini Apparels Ltd","LAL","8.83","-2.65%","15,168","textiles","trading","smallcap",""
2373,"Global Surfaces Ltd","GSLSU","31.13","-2.66%","37,609","consumer discretionary","miscellaneous","smallcap",""
2374,"Avro India Ltd","AVROIND","6.89","-2.68%","1,33,618","plastic products","plastics products","smallcap",""
2375,"Nila Infrastructures Limited","NILAINFRA","6.87","-2.69%","2,73,026","realty","construction","smallcap",""
2376,"Godrej Agrovet Ltd","GODREJAGRO","657.8","-2.7%","1,20,326","fmcg","food - processing - indian","midcap",""
2377,"Rainbow Childrens Medicare Ltd","RAINBOW","1,374.2","-2.72%","4,33,047","healthcare","healthcare","midcap",""
2378,"CARRARO","CARRARO","535","-2.74%","86,135","n/a","indices","smallcap",""
2379,"Sarveshwar Foods Ltd","SARVESHWAR","3.53","-2.75%","30,10,745","fmcg","food - processing - indian","smallcap",""
2380,"NIBE Ltd","NIBE","1,261.4","-2.76%","47,604","aerospace & defence","engineering","smallcap",""
2381,"Mitcon Consultancy & Engineering Services Ltd","MITCON","86.77","-2.78%","31,191","miscellaneous","miscellaneous","smallcap",""
2382,"Megastar Foods Ltd","MEGASTAR","253.6","-2.8%","3,756","fmcg","food - processing - indian","smallcap",""
2383,"Inventurus Knowledge Solutions Ltd","IKS","1,815.8","-2.81%","2,24,086","i.t","computers - software - medium / small","largecap",""
2384,"Kaushalya Infrastructure Development Corporation Limited","KAUSHALYA","835.7","-2.81%","76","services","hotels","smallcap",""
2385,"Mohit Industries Limited","MOHITIND","23","-2.83%","2,135","textiles","textiles - processing","smallcap",""
2386,"Uniinfo Telecom Services Ltd","UNIINFO","10.97","-2.83%","2,307","telecom-service","telecommunications - service provider","smallcap",""
2387,"Archies Limited","ARCHIES","12.3","-2.84%","31,221","consumer discretionary","trading","smallcap",""
2388,"Orchid Pharma Ltd","ORCHPHARMA","1,064.9","-2.85%","63,555","healthcare","pharmaceuticals - indian - bulk drugs & formln","midcap",""
2389,"Tribhovandas Bhimji Zaveri Limited","TBZ","655.6","-2.85%","3,17,411","consumer discretionary","diamond cutting / jewellery","smallcap",""
2390,"Steel City Securities Ltd","STEELCITY","80.82","-2.85%","13,018","financials","finance & investments","smallcap",""
2391,"Ppap Automotive Limited","PPAP","246.25","-2.86%","5,323","auto","auto ancillaries","smallcap",""
2392,"Sigachi Industries Ltd","SIGACHI","29.43","-2.87%","25,58,006","healthcare","pharmaceuticals - indian - bulk drugs & formln","smallcap",""
2393,"Khaitan (india) Limited","KHAITANLTD","146.01","-2.88%","2,475","services","trading","smallcap",""
2394,"Modison Ltd","MODISONLTD","444.05","-2.91%","75,555","industrials","electric equipment","smallcap",""
2395,"Heads UP Ventures Ltd","HEADSUP","6.65","-2.92%","8,590","consumer discretionary","trading","smallcap",""
2396,"Optiemus Infracom Ltd","OPTIEMUS","758.55","-2.94%","4,87,355","telecom","trading","midcap",""
2397,"Arvind Limited","ARVIND","549.05","-2.94%","3,38,603","textiles","textiles - cotton/blended","midcap",""
2398,"Viceroy Hotels Ltd","VHLTD","125.36","-2.94%","6,373","services","hotels","smallcap",""
2399,"Spencers Retail Ltd","SPENCERS","28.07","-2.94%","41,164","consumer discretionary","trading","smallcap",""
2400,"LIC Nomura MF ETF - Nifty 100","LICNFNHGP","267.86","-2.95%","2,439","indices","indices","smallcap",""
2401,"Aditya Infotech Ltd","CPPLUS","3,687.5","-2.96%","1,65,927","consumer discretionary","trading","largecap",""
2402,"Olectra Greentech Ltd","OLECTRA","1,207.2","-2.96%","3,57,307","auto","automobiles - lcvs / hcvs","midcap",""
2403,"Rane (madras) Limited","RML","1,322.3","-2.97%","45,192","auto","auto ancillaries","smallcap",""
2404,"Home First Finance Company India Ltd","HOMEFIRST","1,123.1","-2.97%","6,40,771","financials","finance - housing","midcap",""
2405,"Vikran Engineering Ltd","VIKRAN","59.18","-2.97%","25,87,537","realty","transmisson line towers / equipment","smallcap",""
2406,"Nandan Denim Limited","NDL","2.61","-2.97%","13,26,115","textiles","textiles - products","smallcap",""
2407,"Multi Commodity Exchange Of India Limited","MCX","3,324.9","-3%","23,86,852","financials","miscellaneous","largecap",""
2408,"Patel Integrated Logistics Limited","PATINTLOG","13.59","-3%","2,20,678","transportation","miscellaneous","smallcap",""
2409,"Geecee Ventures Limited","GEECEE","360.6","-3.05%","1,795","financials","finance & investments","smallcap",""
2410,"Max Healthcare Institute Ltd","MAXHEALTH","1,014","-3.06%","19,00,715","healthcare","healthcare","largecap",""
2411,"Shankara Building Products","SHANKARA","132.98","-3.06%","59,779","consumer discretionary","trading","smallcap",""
2412,"Orissa Bengal Carrier Ltd","OBCL","57.6","-3.06%","365","transportation","miscellaneous","smallcap",""
2413,"Autoline Industries Limited","AUTOIND","81.73","-3.07%","2,27,265","auto","auto ancillaries","smallcap",""
2414,"Yatharth Hospital & Trauma Care Services Ltd","YATHARTH","1,121.4","-3.08%","3,04,843","healthcare","healthcare","midcap",""
2415,"Rajoo Engineers Ltd","RAJOOENG","53.08","-3.16%","2,73,965","industrials","engineering","smallcap",""
2416,"Emami Paper Mills Ltd","EMAMIPAP","111.87","-3.18%","9,981","building materials","paper","smallcap",""
2417,"H.G. Infra Engineering Ltd","HGINFRA","453.1","-3.19%","4,51,893","realty","construction","smallcap",""
2418,"Rushil Decor Limited","RUSHIL","16.1","-3.19%","6,74,897","building materials","miscellaneous","smallcap",""
2419,"AKI India Ltd","AKI","6.63","-3.21%","1,25,039","consumer discretionary","leather / leather products","smallcap",""
2420,"Cura Technologies Ltd","CURAA","72","-3.23%","28","i.t","computers - software - medium / small","smallcap",""
2421,"Heidelbergcement India Limited","HEIDELBERG","134.97","-3.24%","4,29,293","building materials","cement - north india","smallcap",""
2422,"Nila Spaces Ltd","NILASPACES","11.06","-3.24%","10,95,668","realty","construction","smallcap",""
2423,"Intrasoft Technologies Limited","ISFT","98.79","-3.28%","1,45,764","i.t","miscellaneous","smallcap",""
2424,"Commercial Syn Bags Ltd","COMSYN","282.85","-3.3%","20,54,003","industrials","packaging","smallcap",""
2425,"Genus Paper & Boards Limited","GENUSPAPER","10.83","-3.3%","3,03,009","building materials","paper","smallcap",""
2426,"Gloster Ltd","GLOSTERLTD","552.7","-3.37%","3,632","textiles","textiles - jute - yarn / products","smallcap",""
2427,"Sundaram Brake Linings Limited","SUNDRMBRAK","670.1","-3.38%","411","auto","auto ancillaries","smallcap",""
2428,"Future Enterprises DVR","FELDVR","2","-3.38%","1,021","consumer discretionary","trading","smallcap",""
2429,"PB Fintech Ltd","POLICYBZR","1,166","-3.41%","4,15,89,859","i.t","miscellaneous","largecap",""
2430,"Msp Steel & Power Limited","MSPL","33.73","-3.41%","8,48,940","metals & mining","steel - medium / small","smallcap",""
2431,"United Foodbrands Ltd","UFBL","698.25","-3.42%","26,118","consumer discretionary","hotels","smallcap",""
2432,"ICDS Ltd","ICDSLTD","56.99","-3.42%","478","miscellaneous","diversified - medium / small","smallcap",""
2433,"Dynamic Cables Ltd","DYCL","456.95","-3.43%","4,79,136","industrials","cables - power","smallcap",""
2434,"DJ Mediaprint & Logistics Ltd","DJML","71.85","-3.48%","75,725","miscellaneous","diversified - medium / small","smallcap",""
2435,"Indogulf Cropsciences Ltd","IGCL","59.94","-3.48%","1,36,156","chemicals","pesticides / agrochemicals - indian","smallcap",""
2436,"Tainwala Chemical And Plastic (i) Limited","TAINWALCHM","209.2","-3.5%","5,113","services","trading","smallcap",""
2437,"Niraj Cement Structurals Ltd","NIRAJ","28.11","-3.5%","33,826","realty","construction","smallcap",""
2438,"One 97 Communications Ltd","PAYTM","1,674","-3.54%","51,74,169","i.t","miscellaneous","largecap",""
2439,"Quess Corp Limited","QUESS","340.9","-3.54%","15,20,564","miscellaneous","diversified - large","midcap",""
2440,"Rajshree Polypack Ltd","RPPL","19","-3.55%","44,264","industrials","packaging","smallcap",""
2441,"Radaan Mediaworks India Limited","RADAAN","2.99","-3.55%","45,937","media","entertainment / electronic media software","smallcap",""
2442,"Jk Cement Limited","JKCEMENT","5,000","-3.56%","23,835","building materials","cement - north india","largecap",""
2443,"Suraksha Diagnostic Ltd","SURAKSHA","343.3","-3.57%","37,699","healthcare","healthcare","smallcap",""
2444,"Robust Hotels Pvt Ltd","RHL","171.41","-3.57%","1,365","services","hotels","smallcap",""
2445,"Max Estates Ltd","MAXESTATES","594.65","-3.59%","1,56,458","realty","construction","midcap",""
2446,"Tourism Finance Corporation Of India Limited","TFCILTD","138.31","-3.59%","3,00,56,074","financials","finance - term-lending institutions","midcap",""
2447,"Signet Industries Ltd","SIGIND","68.02","-3.6%","13,545","services","trading","smallcap",""
2448,"Atlas Cycles (haryana) Limited","ATLASCYCLE","94.32","-3.65%","25,212","consumer discretionary","cycles and accessories","smallcap",""
2449,"Madhav Copper Ltd","MCL","59.36","-3.65%","82,072","metals & mining","mining / minerals / metals","smallcap",""
2450,"Il&fs Engineering And Construction Company Limited","IL&FSENGG","40","-3.66%","40,403","realty","construction","smallcap",""
2451,"Pearl Polymers Limited","PEARLPOLY","18.03","-3.69%","11,088","plastic products","trading","smallcap",""
2452,"Nitiraj Engineers Ltd","NITIRAJ","217.84","-3.72%","3,259","consumer discretionary","electronics - components","smallcap",""
2453,"Compuage Infocom Limited","COMPINFO","1.03","-3.74%","27,280","services","trading","smallcap",""
2454,"Eurotex Industries And Exports Limited","EUROTEXIND","11.75","-3.77%","18","textiles","textiles - cotton/blended","smallcap",""
2455,"Prudent Corporate Advisory Services Ltd","PRUDENT","3,097.9","-3.78%","56,132","financials","finance & investments","midcap",""
2456,"Secmark Consultancy Ltd","SECMARK","137.12","-3.78%","2,594","i.t","computers - software - medium / small","smallcap",""
2457,"Hindustan Media Ventures Limited","HMVL","72.24","-3.81%","1,36,819","media","entertainment / electronic media software","smallcap",""
2458,"Elgi Rubber Company Limited","ELGIRUBCO","54.96","-3.83%","1,16,560","fmcg","miscellaneous","smallcap",""
2459,"D P Wires Ltd","DPWIRES","163.43","-3.88%","14,850","metals & mining","steel - medium / small","smallcap",""
2460,"Mcleod Russel India Limited","MCLEODRUSS","43.08","-3.93%","6,27,661","fmcg","tea","smallcap",""
2461,"Ganga Forging Ltd","GANGAFORGE","1.46","-3.95%","33,59,674","castings, forgings & fasteners","castings & forgings","smallcap",""
2462,"Global Education Ltd","GLOBAL","135.4","-3.97%","2,27,619","services","miscellaneous","smallcap",""
2463,"Shiva Mills Ltd","SHIVAMILLS","58.51","-3.97%","1,529","textiles","textiles - spinning - synthetic / blended","smallcap",""
2464,"Regency Ceramics Limited","REGENCERAM","33.39","-4%","1,978","building materials","ceramics - tiles / sanitaryware","smallcap",""
2465,"Visaka Industries Limited","VISAKAIND","90.98","-4.02%","3,49,833","building materials","cement products","smallcap",""
2466,"Banka Bioloo Ltd","BANKA","73.42","-4.03%","9,948","miscellaneous","miscellaneous","smallcap",""
2467,"Mittal Life Style Ltd","MITTAL","0.71","-4.05%","40,82,181","textiles","trading","smallcap",""
2468,"Williamson Magor & Company Limited","WILLAMAGOR","22.44","-4.1%","3,353","financials","finance & investments","smallcap",""
2469,"Coastal Corporation Ltd","COASTCORP","36.13","-4.11%","1,24,729","fmcg","aquaculture","smallcap",""
2470,"Indian Card Clothing Company Limited","INDIANCARD","200.59","-4.12%","10,799","textiles","textiles - products","smallcap",""
2471,"India VIX","INDIAVIX","12.16","-4.18%","0","indices","indices","smallcap",""
2472,"Industrial Investment Trust Limited","IITL","137.27","-4.19%","1,92,851","financials","finance & investments","smallcap",""
2473,"Gp Petroleums Limited","GULFPETRO","60.88","-4.2%","1,15,393","chemicals","chemicals","smallcap",""
2474,"Tv Vision Limited","TVVISION","2.92","-4.26%","1,16,228","media","entertainment / electronic media software","smallcap",""
2475,"Salasar Techno Engineering Ltd","SALASAR","4.7","-4.28%","92,45,213","metals & mining","steel - medium / small","smallcap",""
2476,"Debock Industries Ltd","DIL","0.65","-4.41%","34,18,810","services","trading","smallcap",""
2477,"Premier Limited","PREMIER","2.8","-4.44%","1,392","industrials","engineering","smallcap",""
2478,"Educomp Solutions Limited","EDUCOMP","0.86","-4.44%","1,82,480","i.t","computers - education","smallcap",""
2479,"Fortis Healthcare Limited","FORTIS","837.85","-4.5%","24,33,292","healthcare","healthcare","largecap",""
2480,"Equitas Small Finance Bank Ltd","EQUITASBNK","67.03","-4.53%","54,40,394","bank","banks - private sector","midcap",""
2481,"Repro India Limited","REPRO","288.25","-4.62%","2,44,479","miscellaneous","printing & stationery","smallcap",""
2482,"TECIL Chemical & Hydro Power Ltd","TECILCHEM","8.81","-4.76%","1,42,745","chemicals","chemicals","smallcap",""
2483,"Vaxtex Cotfab Ltd","VCL","1.38","-4.83%","2,93,211","textiles","trading","smallcap",""
2484,"Nagarjuna Fertilizers And Chemicals Limited","NAGAFERT","1.77","-4.84%","19,52,910","chemicals","fertilizers","smallcap",""
2485,"Ducon Infratechnologies Limited","DUCON","1.56","-4.88%","22,77,545","realty","engineering - turnkey services","smallcap",""
2486,"Cords Cable Industries Limited","CORDSCABLE","348.8","-4.89%","65,198","industrials","cables - power","smallcap",""
2487,"Jindal Worldwide Limited","JINDWORLD","46.76","-4.9%","72,79,293","textiles","textiles - products","smallcap",""
2488,"Morarjee Textiles Limited","MORARJEE","8.33","-4.91%","250","textiles","textiles - products","smallcap",""
2489,"Arvee Laboratories (India) Ltd","ARVEE","213.19","-4.93%","9,353","chemicals","chemicals","smallcap",""
2490,"Rollatainers Limited","ROLLT","5.79","-4.93%","49,883","industrials","packaging","smallcap",""
2491,"Kshitij Polyline Ltd","KSHITIJPOL","4.81","-4.94%","4,97,252","miscellaneous","printing & stationery","smallcap",""
2492,"VISA Chrome Ltd","VISACHROME","34.54","-4.95%","20,791","metals & mining","mining / minerals / metals","smallcap",""
2493,"CLC Industries Ltd","CLCIND","45.3","-4.97%","8,185","textiles","textiles - cotton/blended","smallcap",""
2494,"SEL Manufacturing Company Ltd","SELMC","26.41","-4.97%","98,720","textiles","textiles - cotton/blended","smallcap",""
2495,"Indosolar Ltd","WAAREEINDO","230.85","-4.98%","1,96,353","industrials","electric equipment","smallcap",""
2496,"SRG Housing Finance Ltd","SRGHFL","146.8","-4.98%","15,491","financials","finance - housing","smallcap",""
2497,"Semac Consultants Ltd","SEMAC","255","-4.99%","1,613","realty","engineering - turnkey services","smallcap",""
2498,"Pvp Ventures Limited","PVP","61.94","-5%","24,54,711","realty","construction","smallcap",""
2499,"California Software Company Limited","CALSOFT","36.12","-5%","2,27,209","i.t","computers - software - medium / small","smallcap",""
2500,"Motisons Jewellers Ltd","MOTISONS","17.85","-5%","11,95,58,121","consumer discretionary","diamond cutting / jewellery","smallcap",""
2501,"Lasa Supergenerics Ltd","LASA","5.89","-5%","88,845","healthcare","pharmaceuticals - indian - bulk drugs & formln","smallcap",""
2502,"Nagreeka Capital & Infrastructure Limited","NAGREEKCAP","28.06","-5.04%","1,38,167","financials","finance & investments","smallcap",""
2503,"Premier Polyfilm Limited","PREMIERPOL","95.4","-5.08%","7,84,231","plastic products","plastics products","smallcap",""
2504,"United Drilling Tools Ltd","UNIDT","241.71","-6.95%","1,39,221","industrials","engineering","smallcap",""
2505,"Kapston Services Ltd","KAPSTON","535.7","-7.33%","19,52,645","miscellaneous","miscellaneous","smallcap",""
2506,"Atal Realtech Ltd","ATALREAL","13.52","-7.4%","78,59,696","realty","construction","smallcap",""
2507,"Stl Global Limited","SGL","9.03","-7.95%","64,242","textiles","textiles - processing","smallcap",""
2508,"Ola Electric Mobility Ltd","OLAELEC","38.48","-9.5%","19,45,68,434","auto","automobiles - motorcycles / mopeds","midcap",""
2509,"Manugraph India Limited","MANUGRAPH","19.82","-9.99%","1,96,400","industrials","engineering","smallcap",""
2510,"Medico Remedies Ltd","MEDICO","26","-20%","35,39,670","healthcare","pharmaceuticals - indian - bulk drugs & formln","smallcap",""